Time,mode_type,location_type,street,xstreet1,xstreet2,x_cord,y_cord,lat,long
2020-01-06 08:41:18+00,bike,Intersection,,WYMAN ST,CENTRE ST,762494.34,2942808.89,42.32254534,-71.10682375
2020-01-07 17:30:18+00,bike,Street,SAINT BOTOLPH ST,DURHAM ST,CUMBERLAND ST,769124.63,2950679.53,42.34392609,-71.08196666
2020-01-07 22:51:35+00,bike,Street,BYNNER ST,S HUNTINGTON AVE,JAMAICAWAY,760520.4,2943321.29,42.32416463,-71.1140309
2020-01-09 13:08:19+00,bike,Street,SAGAMORE ST,ELTON ST,BELFORT ST,776542.17,2939944.57,42.31446556,-71.05476127
2020-01-15 15:38:40+00,bike,Intersection,,TREMONT ST,MELNEA CASS BLVD,767678.15,2947519.82,42.33540515,-71.08757123
2020-01-16 16:12:52+00,bike,Street,DORCHESTER AVE,DORCHESTER AVE,DORCHESTER AVE,773358.05,2927391.24,42.27976326,-71.06650709
2020-01-21 13:50:19+00,bike,Street,SEAVER ST,ELM HILL AVE,HUMBOLDT AVE,767167.58,2937703.72,42.30828851,-71.08989079
2020-01-26 18:16:21+00,bike,Intersection,,GLOUCESTER ST,COMMONWEALTH AVE,768425.6,2952964.16,42.35033464,-71.08470876
2020-01-28 10:03:14+00,bike,Street,LOMASNEY WAY,STANIFORD ST,COTTING ST,773968.57,2958424.77,42.36524208,-71.0641134
2020-01-28 16:34:03+00,bike,Street,CHARLES ST,FRUIT ST,BLOSSOM ST,772239.56,2958102.08,42.36420344,-71.06982968
2020-01-28 19:34:32+00,bike,Intersection,,MASSACHUSETTS AVE,COLUMBIA RD,774756.61,2942095.1,42.32042262,-71.06149491
2020-02-03 14:47:55+00,bike,Intersection,,BACK ST,GLOUCESTER ST,768144.47,2953738.16,42.35246227,-71.08573485
2020-02-04 09:16:35+00,bike,Intersection,,HARRISON AVE,HERALD ST,774238.24,2951544.15,42.34635843,-71.06323272
2020-02-04 16:54:31+00,bike,Intersection,,MASSACHUSETTS AVE,SHIRLEY ST,773267.61,2944458.39,42.32692846,-71.06695626
2020-02-04 17:35:45+00,bike,Intersection,,HUNTINGTON AVE,W NEWTON ST,769216.85,2951183.15,42.34543689,-71.08181396
2020-02-09 21:08:07+00,bike,Intersection,,BOYLSTON ST,TREMONT ST,773874.3,2953738.16,42.35238395,-71.06453754
2020-02-12 08:53:02+00,bike,Intersection,,WALDECK ST,MELVILLE AVE,773388.3,2932708.37,42.29468417,-71.06673067
2020-02-12 16:57:52+00,bike,Intersection,,WASHINGTON ST,SCHOOL ST,764494.68,2939926.49,42.31461035,-71.09947709
2020-02-14 11:28:46+00,bike,Intersection,,E ST,W EIGHTH ST,776987.05,2947245.89,42.33452481,-71.05314788
2020-02-14 16:23:59+00,bike,Intersection,,DORCHESTER AVE,LEEDSVILLE ST,775466.74,2936535.87,42.3051578,-71.05897542
2020-02-18 08:08:58+00,bike,Street,JOHN F. FITZGERALD SURFACE RD,BEACH ST,KNEELAND ST,775225.1,2953105.03,42.35062762,-71.05955254
2020-02-19 10:15:58+00,bike,Intersection,,MELNEA CASS BLVD,HARRISON AVE,769895.34,2946303.62,42.33203814,-71.07939319
2020-02-24 12:16:59+00,bike,Intersection,,MASSACHUSETTS AVE,NEWBURY ST,767503.41,2952151.9,42.34811805,-71.08813477
2020-02-26 07:32:44+00,bike,Intersection,,D ST,DORCHESTER AVE,775943.8,2946923.64,42.33365548,-71.05701244
2020-02-26 17:56:17+00,bike,Street,COMMONWEALTH AVE,BUICK ST,ESSEX ST,761080.86,2953013.01,42.35054723,-71.11188222
2020-02-27 07:56:40+00,bike,Street,BOYLSTON ST,DALRYMPLE ST,BOYLSTON PL,763601.22,2940285.19,42.31567334,-71.10262507
2020-03-04 12:15:52+00,bike,Intersection,,BLUE HILL AVE,WASHINGTON ST,768902.25,2937678.07,42.30838263,-71.08322178
2020-03-05 14:07:29+00,bike,Intersection,,HALL ST,SOUTH ST,760414.65,2936352.62,42.30485504,-71.11462174
2020-03-06 07:40:19+00,bike,Intersection,,SHAWMUT AVE,MASSACHUSETTS AVE,770252.74,2948249.95,42.3373741,-71.07803582
2020-03-06 12:39:14+00,bike,Street,TREMONT ST,COVENTRY ST,CUNARD ST,768169.99,2947963.53,42.33644661,-71.08557941
2020-03-08 00:21:13+00,bike,Street,CHARLES RIVER AVE,CONSTITUTION RD,DEAD END,774893.7,2960316.33,42.37041414,-71.06065494
2020-03-09 16:48:44+00,bike,Street,BEACON ST,SOLDIERS FIELD RD,NONANTUM RD,748257.1,2956081.96,42.35911922,-71.15927227
2020-03-09 18:31:03+00,bike,Intersection,,MILTON ST,FLEET ST,755039.7,2912222.07,42.23870382,-71.13487317
2020-03-11 10:25:50+00,bike,Intersection,,CARLTON,COMMONWEALTH AVE,761629.58,2952926.8,42.35032017,-71.10985026
2020-03-11 17:24:50+00,bike,Intersection,,GREENWOOD ST,BRENTON ST,769895.23,2933807.12,42.29774716,-71.07962137
2020-03-15 23:13:14+00,bike,Intersection,,ESSEX ST,COMMONWEALTH AVE,761349.31,2952973.99,42.35045318,-71.11088628
2020-03-16 21:55:29+00,bike,Street,TERMINAL RD,AIRPORT RD,RAMP - AIRPORT ROAD TO RT 90 E,786030.06,2960194.24,42.36939371,-71.01986185
2020-03-18 23:47:55+00,bike,Intersection,,COMMONWEALTH AVE,CHARLESGATE E,766570.39,2952549.63,42.34922174,-71.09157917
2020-03-19 13:49:49+00,bike,Street,HUNTINGTON AVE,COLBURN ST,CRAFTSON WAY,761316.55,2945609.98,42.33018828,-71.11139351
2020-03-20 11:16:32+00,bike,Street,CANAL ST,NEW CHARDON ST,ANTHONY RIP VALENTI WAY,775363.98,2958097.81,42.36399416,-71.05948358
2020-03-27 18:22:52+00,bike,Street,FESSENDEN ST,BLUE HILL AVE,NORFOLK ST,766600.91,2926786.4,42.27851553,-71.09193578
2020-04-05 14:02:16+00,bike,Intersection,,UKRAINE WAY,WASHINGTON ST,760095.65,2933963.52,42.29830315,-71.11584076
2020-04-06 15:04:43+00,bike,Street,VFW PKWY,GARDNER ST,BAKER ST,745323.13,2927044.9,42.27960419,-71.17110554
2020-04-07 20:18:11+00,bike,Street,GENEVA AVE,WESTVILLE ST,LEROY ST,773316.99,2934844.23,42.30067222,-71.06681775
2020-04-10 12:26:32+00,bike,Street,WASHINGTON ST,WIRT ST,WALDO TER,750412.74,2952333.77,42.34900837,-71.15135281
2020-04-14 15:52:42+00,bike,Other,,,,774540.88,2960774.42,42.3716822,-71.06193787
2020-04-14 18:00:34+00,bike,Street,WALBRIDGE ST,BRAINERD RD,DEAD END,754965.87,2951500.07,42.3466181,-71.13437866
2020-04-19 16:52:20+00,bike,Intersection,,MOUNT VERNON ST,WILLIAM T MORRISSEY BLVD,777993.95,2942116.16,42.32043412,-71.04952414
2020-04-22 09:11:44+00,bike,Intersection,,HARRISON AVE,MASSACHUSETTS AVE,771043.07,2947377.92,42.33497045,-71.07512878
2020-04-25 13:03:34+00,bike,Street,HARVARD ST,COOLIDGE RD,OXFORD ST,756479.76,2956466.47,42.36021656,-71.12867073
2020-04-25 20:40:42+00,bike,Street,NEPONSET AVE,SOUTHWICK ST,MONSIGNOR JOHN J. ODONNELL SQ,778084.11,2931497.25,42.29128785,-71.049412
2020-04-29 10:06:21+00,bike,Street,COTTAGE ST,BATCHELDER ST,ROBEY ST,772707.94,2942410.27,42.32141973,-71.0690241
2020-05-01 17:07:00+00,bike,Intersection,,WILLIAM T MORRISSEY BLVD,BIANCULLI BLVD,778833.34,2939434.78,42.3130641,-71.04647314
2020-05-04 14:20:08+00,bike,Street,HILL TOP ST,HALLET-DAVIS ST,WHITRIDGE ST,778449.26,2927640.67,42.28087197,-71.0483209
2020-05-04 14:53:31+00,bike,Street,SCHOOL ST,TREMONT ST,CHAPMAN PL,775062.55,2955715.91,42.3578779,-71.06006136
2020-05-04 15:43:02+00,bike,Street,WOODROW AVE,CARLOS ST,MOUNTAIN AVE,768317.92,2929761.19,42.2868164,-71.08558501
2020-05-04 15:55:19+00,bike,Intersection,,N ST,WILLIAM J DAY BLVD,782944.06,2945876.16,42.33067849,-71.03114426
2020-05-05 18:00:03+00,bike,Street,HARVARD AVE,BRIGHTON AVE,GLENVILLE AVE,755624.51,2953585.91,42.35223372,-71.13186324
2020-05-06 16:25:48+00,bike,Intersection,,BAY STATE RD,SILBER WAY,764194.28,2952943.41,42.35033317,-71.10036225
2020-05-08 16:47:53+00,bike,Intersection,,BRIGHTON AVE,MALVERN ST,757471.97,2953567.41,42.35212918,-71.12522032
2020-05-13 07:44:09+00,bike,Intersection,,LONGWOOD AVE,RIVERWAY,761629.84,2949282.65,42.3403205,-71.10991095
2020-05-13 13:00:20+00,bike,Intersection,,MILL ST,FREEPORT ST,777617.43,2935312.87,42.30177104,-71.05104876
2020-05-14 16:32:08+00,bike,Street,POND ST,MOSS HILL RD,MOSS HILL RD,756386.3,2938160.92,42.3097614,-71.12931094
2020-05-14 21:28:31+00,bike,Street,WILLIAM J DAY BLVD,WILLIAM T MORRISSEY BLVD,WILLIAM J DAY BLVD,777694.75,2942455.03,42.321578,-71.050869
2020-05-16 14:13:29+00,bike,Intersection,,FARRAGUT RD,E BROADWAY,784579.94,2947759.9,42.33582269,-71.02505568
2020-05-16 18:52:09+00,bike,Street,BOWDOIN ST,DRAPER ST,MOUNT IDA RD,773445.53,2937231.87,42.30697219,-71.06622476
2020-05-21 16:19:47+00,bike,Street,WESTERN AVE,RICHARDSON ST,MACKIN ST,752352.06,2957120.81,42.36180423,-71.14405925
2020-05-21 17:31:38+00,bike,Street,DAVID G MUGAR WAY,CHARLESBANK RD,JAMES J STORROW MEMORIAL DR,771390.63,2955496.06,42.35708763,-71.07302537
2020-05-22 11:00:57+00,bike,Intersection,,CENTRE ST,ARBORWAY,758591.96,2937775.94,42.30878311,-71.12133631
2020-05-22 18:55:26+00,bike,Other,,,,787790.16,2964904.86,42.38281895,-71.01282056
2020-05-24 17:36:34+00,bike,Intersection,,TALBOT AVE,NEW ENGLAND AVE,770568.29,2931627.61,42.29175733,-71.07717349
2020-05-26 18:09:56+00,bike,Intersection,,HUNTINGTON AVE,MASSACHUSETTS AVE,768353.16,2950235.9,42.34284918,-71.08502585
2020-05-27 14:56:41+00,bike,Street,NORTHAMPTON ST,FELLOWS ST,HARRISON AVE,771050.6,2946880.78,42.33360048,-71.07512386
2020-05-28 14:33:15+00,bike,Intersection,,DORCHESTER AVE,ADAMS ST,775250.74,2935208.12,42.30151745,-71.05979924
2020-05-29 12:58:37+00,bike,Street,SARATOGA ST,PRESCOTT ST,PUTNAM ST,782843.1,2963269,42.3785179,-71.03124063
2020-06-02 12:40:08+00,bike,Intersection,,PEAK HILL RD,WEST ROXBURY PKWY,751783.32,2931805.11,42.29247895,-71.14659884
2020-06-02 20:27:08+00,bike,Intersection,,PRENTISS ST,TREMONT ST,766388.49,2946605.1,42.33291214,-71.09235717
2020-06-05 14:37:21+00,bike,Intersection,,M ST,E SECOND ST,782323.5,2948312.65,42.33737362,-71.03338991
2020-06-05 15:17:08+00,bike,Street,WASHINGTON ST,WOODLEY AVE,STEARNS RD,750224.99,2922111.32,42.26577129,-71.15230104
2020-06-05 16:14:00+00,bike,Street,RUGGLES ST,TREMONT ST,ALBERT ST,766998.05,2947462.44,42.33525052,-71.09010135
2020-06-05 21:31:18+00,bike,Street,NORFOLK ST,MIDDLETON ST,MORTON ST,768069.43,2927992.53,42.28193035,-71.08667848
2020-06-06 20:32:05+00,bike,Street,CENTRE ST,LAMARTINE ST,WISE ST,764067.08,2942873.31,42.32283905,-71.10099267
2020-06-07 23:09:10+00,bike,Intersection,,HAMPDEN ST,KEMBLE ST,771107.54,2945517.64,42.3298649,-71.07492463
2020-06-08 16:34:02+00,bike,Intersection,,FRONTAGE RD,W FOURTH ST,774664.71,2950245.7,42.34278945,-71.06167984
2020-06-09 07:34:37+00,bike,Intersection,,CUMMINS HWY,RICHMERE RD,764251.85,2923846.12,42.27048793,-71.10065325
2020-06-09 17:04:22+00,bike,Intersection,,WORCESTER SQ,HARRISON AVE,771388.73,2947751.65,42.33599125,-71.07384347
2020-06-10 13:41:37+00,bike,Other,,,,772818.32,2958915.8,42.36660622,-71.06834716
2020-06-12 19:54:22+00,bike,Street,WASHINGTON ST,CEDAR ST,DALE ST,767213.52,2943330.68,42.32381311,-71.08914562
2020-06-13 01:40:58+00,bike,Street,PARK ST,CLAYBOURNE ST,WASHINGTON ST,772000.78,2932971.73,42.29554363,-71.07190123
2020-06-14 01:17:08+00,bike,Intersection,,BLUE HILL AVE,WAVERLY ST,770357.92,2941878.38,42.31988884,-71.07776346
2020-06-15 07:28:42+00,bike,Street,HEATH ST,LAWN ST,EUGENE CIR,762016.92,2944699.41,42.32757977,-71.10875826
2020-06-16 07:06:39+00,bike,Intersection,,WINTER ST,BOWDOIN ST,774477.53,2938420.42,42.31034307,-71.06259651
2020-06-16 12:02:39+00,bike,Street,MERIDIAN ST,CONDOR ST,NAY ST,780502.56,2964885.93,42.38287803,-71.03930932
2020-06-17 09:15:54+00,bike,Intersection,,WASHINGTON ST,BEECHCROFT ST,747733.07,2952359.08,42.34892526,-71.1612668
2020-06-18 12:34:42+00,bike,Other,,,,766153.59,2953275.93,42.35122019,-71.09310822
2020-06-19 15:53:08+00,bike,Street,BEACON ST,WALNUT ST,SPRUCE ST,773559.52,2955018.22,42.35692181,-71.06611141
2020-06-20 04:41:41+00,bike,Street,BOYLSTON ST,GLOUCESTER ST,FAIRFIELD ST,769311.44,2951867.31,42.34878253,-71.08218766
2020-06-21 12:14:10+00,bike,Intersection,,ALLSTATE RD,MASSACHUSETTS AVE,773752.82,2943697.46,42.32483366,-71.06517631
2020-06-21 14:54:25+00,bike,Intersection,,BEACON ST,CHARLESGATE W,766221.57,2952819.13,42.34996583,-71.0928648
2020-06-21 22:41:03+00,bike,Street,MONSIGNOR PATRICK J. LYDON WAY,DORCHESTER AVE,FLORIDA ST,774400.76,2930297,42.28820495,-71.06310387
2020-06-22 10:33:03+00,bike,Street,WILLIAM T MORRISSEY BLVD,INTERSTATE 93 S,BIANCULLI BLVD,780753.33,2939845.32,42.31219332,-71.04601734
2020-06-22 15:52:01+00,bike,Street,BROOKSDALE RD,FALKLAND ST,RANELEGH RD,748214.37,2955200.22,42.35655124,-71.15940545
2020-06-22 20:06:23+00,bike,Other,,,,773698.07,2957935.96,42.36390526,-71.06511032
2020-06-23 10:21:39+00,bike,Intersection,,M ST,MARINE RD,782391.63,2945882.64,42.33070458,-71.03318711
2020-06-24 22:03:45+00,bike,Street,SHERWOOD ST,RIDGE ST,FLORENCE ST,758869.85,2929549.58,42.28633098,-71.12056459
2020-06-25 11:18:52+00,bike,Street,ANAWAN AVE,BEECH ST,CLEMENT AVE,751373.87,2929036.4,42.28476076,-71.14796081
2020-06-25 11:34:02+00,bike,Intersection,,SHAWMUT AVE,RUGGLES ST,768645.6,2946301.39,42.33204884,-71.08401511
2020-06-26 13:07:07+00,bike,Street,VILLAGE CT,E BERKELEY ST,E BERKELEY ST,772811.5,2951389.09,42.34594717,-71.06852708
2020-06-26 19:18:08+00,bike,Intersection,,THORNDIKE ST,WASHINGTON ST,769775.12,2947065.49,42.33413037,-71.07982392
2020-06-26 23:05:42+00,bike,Intersection,,ATLANTIC AVE,SEAPORT BLVD,777401.32,2954616.87,42.354745,-71.05147238
2020-06-28 10:49:43+00,bike,Street,CONSTITUTION RD,CONSTITUTION PLZ,CHELSEA ST,775891.56,2961291.56,42.373085,-71.057841
2020-06-28 13:24:21+00,bike,Street,ARMANDINE ST,WASHINGTON ST,MILTON AVE,771055.26,2928881.81,42.28405526,-71.07536527
2020-07-01 14:28:01+00,bike,Street,HUNTINGTON AVE,COLBURN ST,CRAFTSON WAY,761318.72,2945631.74,42.3302413,-71.11141507
2020-07-01 17:02:48+00,bike,Street,MASSACHUSETTS AVE,COLUMBUS AVE,SAINT BOTOLPH ST,769002.4,2949769.69,42.34140728,-71.08283017
2020-07-02 12:41:33+00,bike,Intersection,,MAIN ST,TIBBETTS TOWN WAY,772854.98,2963245.68,42.37848695,-71.06813039
2020-07-03 11:57:42+00,bike,Intersection,,RIVER ST,STURBRIDGE ST,771508.67,2924179.6,42.27130666,-71.07383546
2020-07-03 16:27:53+00,bike,Street,LEVERETT CIR,DEAD END,DEAD END,772990.32,2958908.77,42.36670154,-71.06790197
2020-07-03 21:14:36+00,bike,Street,CENTRE ST,DAY ST,BARBARA ST,761392.67,2942403.26,42.32122757,-71.11033766
2020-07-04 13:36:04+00,bike,Intersection,,S HUNTINGTON AVE,HUNTINGTON AVE,761056.54,2946262.09,42.33203914,-71.11208227
2020-07-04 15:01:04+00,bike,Street,WESTVIEW ST,,,768865.76,2931166.89,42.29081912,-71.08351484
2020-07-06 18:28:11+00,bike,Street,LITCHFIELD ST,JUSTINIAN WAY,WESTERN AVE,753633.45,2957222.5,42.36223777,-71.13957605
2020-07-06 18:31:10+00,bike,Street,LINDEN ST,FREEPORT ST,LINDEN CT,775679.86,2936723.74,42.30597605,-71.058167
2020-07-07 00:26:16+00,bike,Street,BEACON ST,MUNSON ST,ARUNDEL ST,763430.98,2951880.46,42.34722297,-71.10310219
2020-07-08 11:17:23+00,bike,Intersection,,RUGGLES ST,TREMONT ST,767439.17,2947344.83,42.33492814,-71.08845821
2020-07-08 19:51:43+00,bike,Street,BORDER ST,EUTAW ST,WHITE ST,780485.77,2963489.4,42.37903681,-71.04006092
2020-07-09 17:59:50+00,bike,Intersection,,OAKLAND ST,BENNETT ST,748019.81,2953450.66,42.35191746,-71.16018998
2020-07-11 16:55:28+00,bike,Street,GLENWAY ST,OLD RD,DRUMMOND ST,768657.04,2935130.81,42.30124754,-71.084324
2020-07-12 17:01:00+00,bike,Intersection,,SAINT MARYS ST,COMMONWEALTH AVE,762528.32,2952857.43,42.35011849,-71.10652669
2020-07-13 10:32:41+00,bike,Street,MASSACHUSETTS AVE,ISLAND ST,CHESTERTON ST,772482.3,2945833.4,42.33060251,-71.07007177
2020-07-16 13:53:01+00,bike,Intersection,,MASSACHUSETTS AVE,BACK ST,767066.31,2953336.96,42.35137567,-71.08973062
2020-07-16 13:56:49+00,bike,Intersection,,HUNTINGTON AVE,W NEWTON ST,769236.3,2951165.13,42.34538718,-71.08174234
2020-07-17 22:12:41+00,bike,Street,JAMAICAWAY ,MORAINE ST,LOCHSTEAD AVE,759917.3,2941525.6,42.31892893,-71.11669278
2020-07-18 18:34:12+00,bike,Intersection,,BROOKS ST,BREMEN ST,782799.8,2962166.85,42.37538258,-71.03134673
2020-07-19 09:10:19+00,bike,Street,COURTHOUSE WAY,NORTHERN AVE,BOND DR,778602.88,2954356.26,42.35380799,-71.04659787
2020-07-20 21:20:07+00,bike,Street,HALLECK ST,PRENTISS ST,STATION ST,765685.46,2946615.54,42.33294732,-71.09495126
2020-07-21 17:18:40+00,bike,Intersection,,WOODBINE ST,BLUE HILL AVE,770342.91,2941293.38,42.31828377,-71.07782966
2020-07-22 12:30:50+00,bike,Street,HANCOCK ST,WHEELOCK AVE,BIRD ST,773557.94,2940152.95,42.31510789,-71.06597465
2020-07-23 07:07:02+00,bike,Intersection,,RIVER ST,CUMMINS HWY,766104.78,2922692.3,42.26729775,-71.09382756
2020-07-23 21:53:54+00,bike,Intersection,,CORNELL ST,WASHINGTON ST,754798.82,2927110.85,42.27956274,-71.13552776
2020-07-24 18:42:15+00,bike,Intersection,,E BERKELEY ST,ALBANY ST,774444.61,2950322.9,42.34300438,-71.06249251
2020-07-24 20:10:53+00,bike,Intersection,,CUMMINS HWY,HARVARD ST,761936.14,2925253.39,42.27437902,-71.10918525
2020-07-26 10:32:02+00,bike,Intersection,,BUSSEY ST,WALTER ST,756449.61,2933295.48,42.29651428,-71.12932841
2020-07-26 17:28:50+00,bike,Intersection,,ELM HILL AVE,RUTHVEN ST,768047.29,2938618.13,42.31097362,-71.08636563
2020-07-26 20:33:41+00,bike,Street,COMMONWEALTH AVE,SILBER WAY,GRANBY ST,763859.47,2952743.76,42.34951969,-71.1016643
2020-07-27 19:34:49+00,bike,Street,BROOKLINE AVE,FULLERTON ST,PARK DR,763760.07,2950510.33,42.34375335,-71.10217422
2020-07-28 07:23:43+00,bike,Intersection,,MASSACHUSETTS AVE,ALBANY ST,771507.33,2946877.51,42.33359095,-71.07342099
2020-07-28 12:32:48+00,bike,Intersection,,COLUMBIA RD,DUDLEY ST,773758.67,2940867.88,42.3170691,-71.06520802
2020-07-28 20:26:31+00,bike,Street,HYDE PARK AVE,AMERICAN LEGION HWY,RAMSDELL AVE,759071.81,2924915.02,42.27349874,-71.11999532
2020-07-28 20:59:27+00,bike,Street,BRAGDON ST,ERNST ST,MILES ST,764453.01,2941477.2,42.3189837,-71.09949662
2020-07-29 18:18:46+00,bike,Intersection,,N HARVARD ST,STADIUM RD,757073.52,2958451.54,42.36553617,-71.12661527
2020-07-30 07:00:20+00,bike,Intersection,,BRIGHTON AVE,SAINT LUKES RD,757021.32,2953682.6,42.35245069,-71.12688562
2020-08-02 10:30:55+00,bike,Street,BLACK FALCON AVE,DESIGN CENTER PL,DRY DOCK AVE,782733.3,2950710.87,42.3439322,-71.03182502
2020-08-02 11:11:16+00,bike,Intersection,,BEACON ST,MASSACHUSETTS AVE,767133.97,2953148.66,42.35085807,-71.08948367
2020-08-03 12:16:14+00,bike,Street,SILLOWAY ST,MELVILLE AVE,MATHER ST,774605.69,2933072.42,42.2956894,-71.06244041
2020-08-03 12:26:46+00,bike,Street,CHESTNUT HILL AVE,SOUTH ST,COMMONWEALTH AVE,749664.51,2948857.74,42.33914493,-71.15442686
2020-08-03 15:06:28+00,bike,Intersection,,MASSACHUSETTS AVE,TREMONT ST,769631.61,2948949.99,42.33930344,-71.08032038
2020-08-03 19:05:13+00,bike,Intersection,,FRONTAGE RD,W BROADWAY,774779.16,2950632.48,42.34384917,-71.06124915
2020-08-04 07:08:01+00,bike,Street,WILLIAM J DAY BLVD,WILLIAM T MORRISSEY BLVD,WILLIAM J DAY BLVD,777694.75,2942455.03,42.321578,-71.050869
2020-08-04 13:17:12+00,bike,Intersection,,DORCHESTER AVE,GIBSON ST,774923.36,2933643.37,42.29722832,-71.06103916
2020-08-05 10:50:15+00,bike,Street,FRIEND ST,NEW CHARDON ST,CHAPEL PL,775183.1,2957690.88,42.36320292,-71.05963445
2020-08-05 16:58:38+00,bike,Street,BROOKLINE AVE,SHORT ST,LONGWOOD AVE,762776.07,2949111.42,42.34005083,-71.10605335
2020-08-05 20:55:11+00,bike,Street,BENNINGTON ST,SWIFT ST,WILLIAM F MCCLELLAN HWY,785066.23,2964228.96,42.38099527,-71.02290878
2020-08-06 15:15:18+00,bike,Intersection,,MELNEA CASS BLVD,SHAWMUT AVE,769049.34,2946951.06,42.33382615,-71.08251021
2020-08-07 00:11:44+00,bike,Street,COMMONWEALTH AVE,BERKELEY ST,ARLINGTON ST,771789.96,2953968.95,42.35325962,-71.07234974
2020-08-09 16:55:26+00,bike,Intersection,,FOSTER ST,COMMERCIAL ST,776689.05,2959354.17,42.36775447,-71.05401585
2020-08-09 18:20:42+00,bike,Street,GEORGIA ST,HARTWELL ST,MAPLE ST,768655.73,2938173.75,42.30984196,-71.08404721
2020-08-10 08:17:13+00,bike,Street,WILLIAM T MORRISSEY BLVD,HANCOCK ST,WILLIAM T MORRISSEY BLVD,780137.96,2929646.73,42.286172,-71.042246
2020-08-11 17:05:11+00,bike,Intersection,,DEARBORN ST,DUDLEY ST,769934.82,2945041.46,42.3285742,-71.07927021
2020-08-13 08:04:55+00,bike,Intersection,,A ST,W SECOND ST,776666.87,2950284.65,42.34286785,-71.0542733
2020-08-13 09:56:32+00,bike,Intersection,,HEMENWAY ST,WESTLAND AVE,767033.16,2950637.4,42.34396843,-71.08990127
2020-08-13 15:02:30+00,bike,Intersection,,UNION ST,WINSHIP ST,750120.44,2951342.9,42.34611047,-71.15245058
2020-08-13 19:22:55+00,bike,Intersection,,CEDAR ST,COLUMBUS AVE,765144.07,2944867.37,42.32815996,-71.09698981
2020-08-14 14:25:23+00,bike,Intersection,,CLINTON ST,JOHN F. FITZGERALD SURFACE RD,776773.82,2956824.28,42.3608112,-71.05375115
2020-08-14 14:51:39+00,bike,Intersection,,WESTERN AVE,SOLDIERS FIELD RD,752044.78,2956989.14,42.3615822,-71.14524536
2020-08-14 17:00:52+00,bike,Intersection,,HARRISON AVE,TRAVELER ST,774032.36,2950870.65,42.34451322,-71.06400703
2020-08-14 20:21:47+00,bike,Street,PAUL GORE ST,CHESTNUT AVE,DANFORTH ST,762956.15,2941164.11,42.31813807,-71.10507032
2020-08-14 21:21:39+00,bike,Intersection,,WILLIAMS ST,WASHINGTON ST,762345.59,2936962.87,42.30650544,-71.10747327
2020-08-15 04:40:08+00,bike,Other,,,,770943.34,2965477.42,42.3846372,-71.07516421
2020-08-15 12:09:11+00,bike,Other,,,,772564.1,2961519.08,42.37375318,-71.0692392
2020-08-15 14:41:16+00,bike,Street,BLUE HILL AVE,CRESTON ST,OTISFIELD ST,769653.03,2939222.92,42.31253031,-71.08022927
2020-08-16 14:53:25+00,bike,Intersection,,MASSACHUSETTS AVE,ALLSTATE RD,773752.82,2943697.46,42.32483366,-71.06517631
2020-08-19 01:03:18+00,bike,Intersection,,N BEACON ST,MARKET ST,751012,2955014.41,42.3561752,-71.14909672
2020-08-20 00:54:17+00,bike,Street,HUNTINGTON AVE,PARKER HILL AVE,COLBURN ST,761295.29,2946560.92,42.33266426,-71.11098235
2020-08-20 17:14:16+00,bike,Street,BRAGDON ST,COLUMBUS AVE,NOTRE DAME ST,765008.82,2941184.63,42.31794718,-71.09769022
2020-08-20 20:05:54+00,bike,Street,COLUMBUS AVE,YARMOUTH ST,W CANTON ST,770758.99,2951101.23,42.34518585,-71.07610314
2020-08-21 10:49:02+00,bike,Street,NEWBURY ST,MASSACHUSETTS AVE,CHARLESGATE E,767177.03,2952176.73,42.34808358,-71.08933802
2020-08-21 16:18:16+00,bike,Street,WILLIAM T MORRISSEY BLVD,INTERSTATE 93 S,BIANCULLI BLVD,778660.76,2936538.4,42.30511844,-71.0471666
2020-08-21 19:11:36+00,bike,Street,CENTRE ST,HARRIS AVE,THOMAS ST,760450.52,2938525.88,42.31085299,-71.11462047
2020-08-21 19:54:42+00,bike,Intersection,,HERALD ST,WASHINGTON ST,773877.61,2951643.4,42.34663583,-71.06456486
2020-08-23 02:04:27+00,bike,Street,ATLANTIC AVE,FORT HILL WHARF,SEAPORT BLVD,777257.5,2954427.05,42.35437386,-71.05214938
2020-08-23 10:08:36+00,bike,Street,GARDNER ST,RIVERMOOR ST,DEAD END,742483.41,2928016.89,42.28089779,-71.17810872
2020-08-25 01:44:03+00,bike,Street,WASHINGTON ST,DUDLEY ST,GUILD ROW,768205.17,2944987.8,42.32860512,-71.08577978
2020-08-25 11:54:56+00,bike,Intersection,,N HARVARD ST,SOLDIERS FIELD RD,757851.64,2959474.57,42.368334,-71.12371934
2020-08-25 15:32:40+00,bike,Intersection,,BOYLSTON ST,EGLESTON ST,764034.15,2939700.13,42.31399513,-71.1011837
2020-08-25 20:05:12+00,bike,Intersection,,COURT ST,TREMONT ST,775230.8,2956254.67,42.35927019,-71.05947114
2020-08-26 15:49:01+00,bike,Street,GARDNER ST,WYCLIFF AVE,GARDNER PL,745442.39,2926235.8,42.27740845,-71.17009494
2020-08-26 19:58:55+00,bike,Intersection,,SOUTHAMPTON ST,ALLSTATE RD,774287.81,2945854.49,42.33074513,-71.06315715
2020-08-28 11:19:43+00,bike,Street,SOLDIERS FIELD RD,WESTERN AVE,CAMBRIDGE ST,759457.84,2957184.04,42.36202852,-71.11782157
2020-08-29 18:00:20+00,bike,Street,BOARDMAN ST,SARATOGA ST,ASHLEY ST,788786.17,2966782.21,42.38794496,-71.00910814
2020-08-29 21:09:48+00,bike,Intersection,,WASHINGTON ST,SCHOOL ST,764494.68,2939926.49,42.31461035,-71.09947709
2020-08-30 14:02:54+00,bike,Intersection,,MOUNTFORT ST,PARK DR,762680.03,2952238.65,42.34841862,-71.10597604
2020-08-30 14:23:37+00,bike,Intersection,,PEABODY PL,LAMARTINE ST,762834.11,2940349.79,42.31579314,-71.10560942
2020-08-30 20:50:39+00,bike,Street,HUNTINGTON AVE,CRAFTSON WAY,HEATH ST,761343.16,2945550.95,42.33001694,-71.11132307
2020-09-01 18:34:52+00,bike,Street,WASHINGTON ST,ASTICOU RD,UKRAINE WAY,760523,2934732.17,42.30046657,-71.11469418
2020-09-02 15:11:26+00,bike,Intersection,,KNEELAND ST,HUDSON ST,775040.18,2952982.16,42.35029306,-71.06023883
2020-09-04 15:11:55+00,bike,Intersection,,TALBOT AVE,HELEN ST,769461.1,2932057.61,42.29295226,-71.08125778
2020-09-04 15:29:45+00,bike,Intersection,,COLUMBIA RD,WASHINGTON ST,769624.22,2936613.26,42.30545103,-71.08057209
2020-09-05 16:59:20+00,bike,Street,HUNTINGTON AVE,CRAFTSON WAY,HEATH ST,761274.54,2945179.65,42.32916462,-71.1109342
2020-09-07 14:50:40+00,bike,Street,BACK ST,DARTMOUTH ST,EXETER ST,769517.2,2954243.45,42.35381763,-71.08064088
2020-09-07 17:29:20+00,bike,Street,DORCHESTER AVE,DEWAR ST,HOYT ST,775791.3,2938040.42,42.30931575,-71.05803544
2020-09-08 10:41:01+00,bike,Street,BUSWELL ST,PARK DR,SAINT MARYS ST,762492.99,2951868.83,42.34723984,-71.10658463
2020-09-08 13:54:22+00,bike,Street,MALLON RD,MOUNT BOWDOIN TER,MOUNT BOWDOIN GREEN,771257.74,2935486.19,42.30246044,-71.07467566
2020-09-08 18:29:19+00,bike,Intersection,,D ST,SUMMER ST,779943.69,2951571.43,42.34635118,-71.04212712
2020-09-12 11:13:24+00,bike,Street,GALLIVAN BLVD,NEPONSET AVE,NEPONSET AVE,779923.76,2929222.84,42.28548294,-71.04304834
2020-09-12 15:16:49+00,bike,Intersection,,ELM HILL AVE,WARREN ST,768808.54,2939396.63,42.3130997,-71.0835372
2020-09-12 16:35:58+00,bike,Intersection,,COLUMBUS AVE,WORCESTER ST,769591.95,2949801.24,42.34163983,-71.08045158
2020-09-13 14:38:15+00,bike,Street,MAIN ST,SULLIVAN SQ,HOLMES PL,771533.84,2965173.9,42.38409902,-71.07296748
2020-09-13 16:42:56+00,bike,Intersection,,COMMONWEALTH AVE,MASSACHUSETTS AVE,767364.62,2952528.83,42.34915419,-71.08864146
2020-09-14 07:28:13+00,bike,Intersection,,TREMONT ST,MASSACHUSETTS AVE,769631.61,2948949.99,42.33930344,-71.08032038
2020-09-14 10:21:14+00,bike,Intersection,,WASHINGTON ST,CEDRUS AVE,754628.57,2926913.85,42.27902415,-71.13615998
2020-09-14 14:53:11+00,bike,Street,BENNINGTON ST,SARATOGA ST,TRIDENT ST,789148.43,2966274.65,42.38640389,-71.00766958
2020-09-15 10:09:48+00,bike,Intersection,,BROOKLINE AVE,LONGWOOD AVE,762351.02,2948775.9,42.33892088,-71.10725211
2020-09-15 16:33:56+00,bike,Street,MASSACHUSETTS AVE,CLAPP ST,COLUMBIA RD,774490.19,2942404.77,42.3213654,-71.06228337
2020-09-16 14:05:49+00,bike,Intersection,,DORCHESTER AVE,HARVEST ST,776020.86,2942866.39,42.32252114,-71.05680541
2020-09-17 05:20:27+00,bike,Intersection,,WYOMING ST,WARREN ST,768803.97,2940005.13,42.31476952,-71.08354311
2020-09-17 13:43:00+00,bike,Intersection,,CAMBRIDGE ST,LINDALL PL,772529.36,2956896.91,42.36107036,-71.06945411
2020-09-21 21:41:32+00,bike,Intersection,,COLUMBUS AVE,MASSACHUSETTS AVE,769244.78,2949443.97,42.34066415,-71.08174219
2020-09-21 23:13:09+00,bike,Intersection,,GUILD ROW,WASHINGTON ST,768086.42,2944990.44,42.32845901,-71.08610664
2020-09-22 16:35:35+00,bike,Street,BLUE HILL AVE,CHARLOTTE ST,MCLELLAN ST,768222.54,2934835.87,42.30062701,-71.08596674
2020-09-23 05:46:39+00,bike,Intersection,,TRAVIS ST,WESTERN AVE,756497.01,2957630.92,42.36329127,-71.12876172
2020-09-24 18:19:09+00,bike,Street,OLNEY ST,INWOOD ST,RICHFIELD ST,772661.95,2936623.78,42.30542202,-71.06934655
2020-09-27 01:30:55+00,bike,Street,CAMBRIDGE ST,S RUSSELL ST,JOY ST,773552.08,2956838.99,42.36112224,-71.06566713
2020-09-29 12:09:25+00,bike,Intersection,,CLAREMONT PARK,COLUMBUS AVE,769591.95,2949801.24,42.34163983,-71.08045158
2020-09-30 10:55:40+00,bike,Street,GENEVA AVE,WALDECK ST,VINSON ST,773906.55,2934405.87,42.29941719,-71.06469469
2020-09-30 16:40:15+00,bike,Street,MASSACHUSETTS AVE,CHESTER PARK,TREMONT ST,769866.4,2948828.23,42.33880538,-71.07970833
2020-10-01 18:03:06+00,bike,Other,,,,755468.43,2960783.86,42.37195523,-71.13251732
2020-10-01 19:16:28+00,bike,Street,SARATOGA ST,BYRON ST,WORDSWORTH ST,786867.36,2965305.9,42.38408142,-71.01632987
2020-10-03 14:27:59+00,bike,Street,MASSACHUSETTS AVE,CLAPP ST,COLUMBIA RD,774351.72,2942747.04,42.3222109,-71.06299366
2020-10-03 20:48:47+00,bike,Intersection,,RING RD,BOYLSTON ST,769485.02,2952544.24,42.34916815,-71.08079724
2020-10-04 14:59:33+00,bike,Street,CAMBRIDGE ST,GORDON ST,SAUNDERS ST,753247.96,2953730.36,42.35239599,-71.14069341
2020-10-05 12:38:40+00,bike,Street,HUNTINGTON AVE,BLAGDEN ST,CLARENDON SQ,770429.26,2952327.7,42.34870556,-71.07757127
2020-10-06 10:56:29+00,bike,Street,SAINT ALPHONSUS ST,TREMONT ST,ALLEGHANY ST,763851.97,2946177.96,42.33189037,-71.10197506
2020-10-06 15:26:15+00,bike,Intersection,,MILTON ST,NEPONSET VALLEY PKWY,755331.14,2912584.08,42.23969378,-71.13379119
2020-10-07 13:25:47+00,bike,Intersection,,PARK DR,RIVERWAY,763228.93,2950858.03,42.34462318,-71.10396924
2020-10-09 10:15:19+00,bike,Street,DAVID G MUGAR WAY,CHARLESBANK RD,JAMES J STORROW MEMORIAL DR,771559.33,2956462.29,42.3598943,-71.07223977
2020-10-09 19:32:32+00,bike,Intersection,,PARKMAN ST,NEPONSET AVE,776176.24,2933696.62,42.29735665,-71.0564072
2020-10-10 08:51:16+00,bike,Street,JULIETTE ST,FOX ST,LINDEN ST,774598.43,2936596.37,42.30528419,-71.06236926
2020-10-14 12:43:31+00,bike,Intersection,,BLUE HILL AVE,MORELAND ST,770647.98,2942975.14,42.32289445,-71.07667081
2020-10-14 13:17:05+00,bike,Intersection,,RUTLAND ST,NEWLAND ST,770913.79,2949030.65,42.33950737,-71.0755765
2020-10-15 18:28:55+00,bike,Intersection,,RIVER ST,BUSINESS ST,756096.57,2916616.08,42.25074891,-71.1309001
2020-10-16 13:14:17+00,bike,Intersection,,EMERSON ST,DORCHESTER ST,779468.06,2948069.4,42.33674851,-71.04395579
2020-10-17 14:23:14+00,bike,Street,CHESTNUT HILL AVE,ATWOOD RD,HATHERLY RD,749861.16,2950099.41,42.34280711,-71.15372248
2020-10-20 11:35:09+00,bike,Street,DORCHESTER AVE,RICHMOND ST,ADIRONDACK PL,773207.39,2924978.72,42.27350447,-71.06772517
2020-10-20 13:08:44+00,bike,Street,MASSASOIT ST,RIVER ST,DEAD END,764099.58,2921042.31,42.26287297,-71.10109469
2020-10-21 08:07:28+00,bike,Intersection,,WASHINGTON ST,E BERKELEY ST,773510.36,2950664.65,42.34395525,-71.06594178
2020-10-21 11:17:05+00,bike,Street,MASSACHUSETTS AVE,GENERAL CASIMIR PULASKI SKWY,ALBANY ST,771553.33,2946853.99,42.33351684,-71.07326549
2020-10-22 16:12:04+00,bike,Intersection,,COMMONWEALTH AVE,EXETER ST,769571.23,2953387.41,42.35148067,-71.08046298
2020-10-22 19:06:12+00,bike,Intersection,,EDGEWOOD ST,BLUE HILL AVE,770301.1,2940941.88,42.31731981,-71.07799069
2020-10-25 15:29:12+00,bike,Street,BLUE HILL AVE,RHOADES ST,MORTON ST,766638.3,2929038.82,42.28465054,-71.09143031
2020-10-25 15:30:04+00,bike,Street,JAMES J STORROW MEMORIAL DR,,,770522.28,2954725.33,42.35512625,-71.07691363
2020-10-26 23:31:30+00,bike,Intersection,,HEMENWAY ST,BOYLSTON ST,767247.91,2951720.9,42.34693875,-71.0890876
2020-10-27 11:06:05+00,bike,Street,COMMONWEALTH AVE,BUICK ST,ESSEX ST,760617.65,2953083.8,42.35074725,-71.11359462
2020-10-30 08:05:55+00,bike,Intersection,,MASSACHUSETTS AVE,MAGAZINE ST,773009.86,2944866.64,42.3280523,-71.06790177
2020-10-30 22:38:47+00,bike,Intersection,,HARVARD AVE,WASHINGTON ST,770881.54,2934950.12,42.30087022,-71.0759547
2020-11-01 00:23:38+00,bike,Intersection,,CANAL ST,CAUSEWAY ST,774741.1,2958543.9,42.3655588,-71.06123939
2020-11-02 08:27:01+00,bike,Street,BOSTON UNIVERSITY BRG,,,761385.64,2953563.22,42.35206937,-71.11073892
2020-11-03 13:47:51+00,bike,Intersection,,HAMMOND ST,SHAWMUT AVE,769204.98,2947180.14,42.33445266,-71.08193044
2020-11-03 16:45:38+00,bike,Street,WEST ROXBURY PKWY,DEAD END,CREHORE RD,752074.08,2933747.64,42.2977131,-71.14585775
2020-11-05 12:41:38+00,bike,Intersection,,VICTORY RD,FREEPORT ST,778361.41,2934061.73,42.29832707,-71.04832313
2020-11-05 15:12:18+00,bike,Street,DALESSIO CT,,,776621.95,2949059.32,42.339246,-71.054524
2020-11-06 15:53:33+00,bike,Intersection,,BLUE HILL AVE,QUINCY ST,770080.04,2939954.88,42.31461443,-71.07882606
2020-11-06 16:26:07+00,bike,Intersection,,ATLANTIC AVE,E INDIA ROW,777435.63,2955763.62,42.35789121,-71.05132313
2020-11-06 16:49:20+00,bike,Intersection,,WASHINGTON ST,DENTON TER,755173.26,2927585.6,42.28086109,-71.1341366
2020-11-06 18:05:42+00,bike,Intersection,,BRIGHTON AVE,HARVARD AVE,755608.2,2953907.91,42.35308579,-71.13210983
2020-11-06 18:08:20+00,bike,Street,TREMONT ST,WALTHAM ST,CLARENDON ST,772020.47,2950591.85,42.34396108,-71.071638
2020-11-07 12:41:38+00,bike,Street,DENNY ST,SPRINGDALE ST,SAVIN HILL AVE,777523.7,2937941.73,42.30890916,-71.05115621
2020-11-07 14:01:53+00,bike,Intersection,,APPLETON ST,DARTMOUTH ST,771096.73,2951079.4,42.3451267,-71.07486209
2020-11-09 13:17:37+00,bike,Street,CALUMET ST,HARLESTON ST,PARKER HILL AVE,764315.02,2944949.54,42.32830671,-71.10021464
2020-11-10 06:23:39+00,bike,Street,HEATH ST,LAWN ST,EUGENE CIR,762016.92,2944699.41,42.32757977,-71.10875826
2020-11-10 13:49:35+00,bike,Intersection,,BEACON ST,MASSACHUSETTS AVE,767133.97,2953148.66,42.35085807,-71.08948367
2020-11-10 23:52:29+00,bike,Street,HALF MOON ST,MAGNOLIA ST,LINGARD ST,772024.15,2940708.6,42.3167029,-71.07183787
2020-11-11 08:16:01+00,bike,Street,MYRTLE ST,PARK PL,POND ST,760074.81,2939580.28,42.31385802,-71.11571929
2020-11-12 08:36:31+00,bike,Intersection,,ESSEX ST,CHAUNCY ST,774796.86,2953797.41,42.35253356,-71.06112344
2020-11-13 12:51:43+00,bike,Intersection,,ALBANY ST,E NEWTON ST,772405.67,2947739.4,42.33594363,-71.07008254
2020-11-18 12:42:26+00,bike,Street,HORAN WAY,BICKFORD ST,PLANT CT,763522.7,2943790.6,42.32537493,-71.10331694
2020-11-19 10:06:18+00,bike,Street,HUNTINGTON AVE,HUNTINGTON AVE,COLBURN ST,761140.06,2945957.61,42.33120043,-71.11178926
2020-11-23 18:21:23+00,bike,Intersection,,CAMBRIDGE ST,SPARHAWK ST,751558.42,2952830.8,42.35017712,-71.14710856
2020-11-28 01:20:21+00,bike,Street,SLEEPER ST,SEAPORT BLVD,NORTHERN AVE,778187.38,2954317.15,42.35367188,-71.04799593
2020-11-29 15:45:17+00,bike,Intersection,,MASSACHUSETTS AVE,TREMONT ST,769631.61,2948949.99,42.33930344,-71.08032038
2020-11-30 08:48:44+00,bike,Intersection,,COMMONWEALTH AVE,HARVARD AVE,755895.54,2952987.13,42.35055573,-71.13106155
2020-12-08 15:52:57+00,bike,Intersection,,WARREN ST,CAMBRIDGE ST,751558.42,2952830.8,42.35017712,-71.14710856
2020-12-10 12:13:00+00,bike,Street,RIVER ST,WINTHROP ST,WAY ST,758985.91,2918766.74,42.25668702,-71.12036896
2020-12-13 16:13:09+00,bike,Intersection,,TREMONT ST,SAINT ALPHONSUS ST,763965.78,2946616.64,42.33297523,-71.10131695
2020-12-13 16:15:34+00,bike,Street,SOLDIERS FIELD RD,ELIOT BRG,EVERETT ST,754981.16,2958902.61,42.36578474,-71.13334354
2020-12-21 17:33:10+00,bike,Street,HUNTINGTON AVE,COLBURN ST,CRAFTSON WAY,761316.55,2945609.98,42.33018828,-71.11139351
2021-01-02 14:19:26+00,bike,Intersection,,CAMBRIDGE ST,GORDON ST,753404.37,2953708.06,42.35256319,-71.14026606
2021-01-03 10:57:15+00,bike,Intersection,,CENTRE ST,ORCHARD ST,758916.77,2937846.38,42.30897244,-71.12013436
2021-01-10 11:45:38+00,bike,Intersection,,IVY LN,SOUTH CAMPUS DR,756058.29,2958002.57,42.36431632,-71.13037907
2021-01-11 15:05:08+00,bike,Intersection,,TALBOT AVE,CENTRE ST,772297.23,2931045.86,42.29013728,-71.07079429
2021-01-17 08:13:05+00,bike,Street,KINGBIRD RD,AMERICAN LEGION HWY,E MAIN ST,765855.33,2932060.42,42.29299516,-71.09459674
2021-01-18 16:34:37+00,bike,Street,LAKE ST,LAKE SHORE RD,GLENMONT RD,747289.77,2951147.76,42.3455324,-71.16274754
2021-01-20 18:30:11+00,bike,Intersection,,WASHINGTON ST,WORCESTER SQ,770902.9,2948284.54,42.33746016,-71.07563051
2021-01-22 19:46:03+00,bike,Street,ADAMS ST,SARANAC ST,MINOT ST,776320.54,2929003.37,42.28437204,-71.05540859
2021-01-31 13:38:05+00,bike,Other,,,,755468.43,2960783.86,42.37195523,-71.13251732
2021-02-18 18:43:47+00,bike,Street,STOUGHTON ST,EVERETT AVE,STOUGHTON TER,774548.25,2940414.75,42.31580121,-71.06230886
2021-02-25 17:40:40+00,bike,Other,,,,761386.69,2953555.45,42.35204825,-71.11073818
2021-02-26 15:31:58+00,bike,Intersection,,ALEXANDER ST,DUDLEY ST,772708.8,2941471.88,42.31874112,-71.06907852
2021-02-27 21:54:39+00,bike,Intersection,,MOUNTFORT ST,ARUNDEL ST,763283.96,2952089.4,42.34800139,-71.10374452
2021-03-09 13:38:34+00,bike,Street,STANDARD ST,GLENMORE ST,GOLDING ST,770186.26,2924573.66,42.27244133,-71.078539
2021-03-11 14:34:27+00,bike,Intersection,,MASSACHUSETTS AVE,WASHINGTON ST,770528.43,2947920.44,42.33646617,-71.0770222
2021-03-11 21:08:58+00,bike,Intersection,,PORTER ST,CHELSEA ST,781693.94,2961212.17,42.37277954,-71.03545854
2021-03-18 14:46:44+00,bike,Street,MAIN ST,HOLMES PL,SULLIVAN SQ,771903,2965529.02,42.38425315,-71.07265979
2021-03-20 18:00:03+00,bike,Street,DORCHESTER AVE,MELVINSIDE TER,BAY ST,775904.13,2938847.98,42.31152396,-71.0575397
2021-03-20 20:18:54+00,bike,Street,NORFOLK ST,STANTON ST,ROCK AVE,769607.69,2929291.67,42.28529207,-71.08053177
2021-03-21 10:27:50+00,bike,Intersection,,N HARVARD ST,SOLDIERS FIELD RD,757851.64,2959474.57,42.368334,-71.12371934
2021-03-24 11:44:33+00,bike,Street,WESTERN AVE,SPURR ST,RIVERDALE ST,755677.21,2957761.55,42.3632026,-71.1319877
2021-03-28 19:56:54+00,bike,Intersection,,BLUE HILL AVE,GEORGIA ST,769009.29,2938029.88,42.30934658,-71.08281971
2021-03-31 07:52:58+00,bike,Street,BEACON ST,MAITLAND ST,COMMONWEALTH AVE,765060.04,2952387.31,42.34878643,-71.0971678
2021-04-03 14:25:12+00,bike,Intersection,,COLUMBUS AVE,WORCESTER ST,769580.66,2949809.32,42.34166216,-71.0804932
2021-04-07 07:36:09+00,bike,Street,COMMONWEALTH AVE,BUICK ST,ESSEX ST,760360.64,2953123.08,42.35085821,-71.11454474
2021-04-07 16:10:49+00,bike,Street,SOLDIERS FIELD RD,TELFORD ST,EVERETT ST,754594.91,2957970.73,42.36454015,-71.13596732
2021-04-08 16:09:03+00,bike,Street,COMMONWEALTH AVE,BUICK ST,ESSEX ST,760134.41,2953157.65,42.35095588,-71.11538107
2021-04-09 16:59:18+00,bike,Intersection,,FARGO ST,SUMMER ST,780668.82,2950953.98,42.34464617,-71.03945712
2021-04-10 10:52:31+00,bike,Intersection,,BEACON ST,PARK DR,763037.35,2951654.87,42.34681217,-71.10466424
2021-04-10 11:57:16+00,bike,Other,,,,761386.69,2953555.45,42.35204825,-71.11073818
2021-04-10 18:03:36+00,bike,Street,CAMBRIDGE ST,LYNDE ST,CHARLES RIVER PLZ,773648.62,2957091.12,42.36123156,-71.0652847
2021-04-10 18:11:50+00,bike,Intersection,,JAMES J STORROW MEMORIAL DR,CHARLESGATE OVERPASS,766599.36,2953500.6,42.35183085,-71.09145515
2021-04-10 20:42:11+00,bike,Street,SARATOGA ST,ADDISON ST,WESTBROOK ST,787463.61,2965623.59,42.38491483,-71.01409508
2021-04-14 06:11:26+00,bike,Intersection,,BEACON ST,CHESTNUT HILL AVE,750692.36,2947492.78,42.33553916,-71.15039335
2021-04-14 08:01:57+00,bike,Intersection,,ESSEX ST,RUTHERFORD AVE,772151.36,2963646.43,42.37959636,-71.07072702
2021-04-17 16:11:23+00,bike,Intersection,,N BEACON ST,CAMBRIDGE ST,754196.9,2954088.51,42.35359795,-71.13732812
2021-04-18 09:39:06+00,bike,Intersection,,COLUMBUS AVE,BERKELEY ST,771923.05,2952389.45,42.34871017,-71.07178117
2021-04-19 12:31:50+00,bike,Intersection,,SPRING ST,GOULD ST,745215.24,2924648.35,42.27291236,-71.17097639
2021-04-20 20:39:44+00,bike,Intersection,,VFW PKWY,CENTRE ST,755556.27,2933471.66,42.29700834,-71.13262758
2021-04-22 09:28:21+00,bike,Street,BOUNDARY RD,BLUE LEDGE DR,ENNEKING PKWY,755142.19,2919803.84,42.25949683,-71.13438785
2021-04-22 13:46:01+00,bike,Intersection,,WARREN ST,DUDLEY ST,768805.43,2945071.98,42.32867315,-71.08344622
2021-04-22 16:31:37+00,bike,Street,CENTRE ST,GREENVIEW AVE,GREEN ST,760373.08,2939413.99,42.31325931,-71.11409959
2021-04-24 16:49:26+00,bike,Street,SHAWMUT AVE,DWIGHT ST,PUBLIC ALLEY NO. 705,773148.66,2950715.63,42.34409241,-71.0672703
2021-04-24 17:24:00+00,bike,Intersection,,PAGE ST,GLENWAY ST,769232.73,2934621.12,42.29998976,-71.08205541
2021-04-25 12:24:47+00,bike,Street,COLUMBUS AVE,MELNEA CASS BLVD,TREMONT ST,767447.67,2947849.59,42.33610296,-71.08813398
2021-04-27 15:06:00+00,bike,Intersection,,CHESTNUT HILL AVE,COMMONWEALTH AVE,749882.19,2948454.4,42.33818696,-71.15337531
2021-04-29 13:39:45+00,bike,Intersection,,BROOKLINE AVE,RIVERWAY,761614.87,2947808.72,42.33627617,-71.10999125
2021-05-02 13:28:12+00,bike,Street,HUNTINGTON AVE,COLBURN ST,CRAFTSON WAY,761144.92,2945736.63,42.33063791,-71.11157636
2021-05-02 18:36:09+00,bike,Intersection,,PIERPONT RD,GLEN LN,765701.9,2936811.46,42.30604691,-71.09506836
2021-05-03 17:26:36+00,bike,Intersection,,S HUNTINGTON AVE,CRAFTSON WAY,761275.49,2945549.92,42.33008218,-71.11128453
2021-05-03 23:20:15+00,bike,Intersection,,ARLINGTON ST,PARSONS ST,749571.18,2953632.66,42.35239978,-71.15444804
2021-05-04 01:39:40+00,bike,Intersection,,DORCHESTER AVE,DORCHESTER ST,775953.03,2945415,42.32951559,-71.05700728
2021-05-06 16:36:17+00,bike,Street,SOUTHAMPTON ST,ELLERY ST,BOSTON ST,775850.65,2945505.78,42.32958423,-71.05744891
2021-05-06 17:26:07+00,bike,Street,BAY STATE RD,UNIVERSITY RD,GRANBY ST,763281.41,2953050.72,42.35062375,-71.10374515
2021-05-08 13:51:53+00,bike,Street,DEGAUTIER WAY,SHABAZZ WAY,EUSTIS ST,769507,2945558.45,42.3300769,-71.08097936
2021-05-09 18:30:48+00,bike,Intersection,,STATE ST,BROAD ST,776538.68,2956240.16,42.35921174,-71.05463244
2021-05-10 16:45:15+00,bike,Intersection,,AMERICAN LEGION HWY,BLUE HILL AVE,767885.27,2933934.35,42.29812323,-71.08704846
2021-05-10 19:22:15+00,bike,Intersection,,DUDLEY ST,HAMPDEN ST,771004.89,2944167.21,42.32616067,-71.07532911
2021-05-11 12:26:12+00,bike,Intersection,,BUTLER ST,HUNTOON ST,774316.36,2924711.85,42.27272823,-71.06345174
2021-05-13 17:51:12+00,bike,Street,LONGWOOD AVE,PILGRIM RD,PLYMOUTH ST,762064.66,2949188.31,42.33971703,-71.10866489
2021-05-14 22:22:20+00,bike,Street,COMMONWEALTH AVE,BROOKLINE AVE,KENMORE ST,765621.53,2952295.9,42.34879221,-71.09510166
2021-05-15 00:00:13+00,bike,Street,FULLERTON ST,BROOKLINE AVE,MINER ST,763639.01,2951337.01,42.34591983,-71.10245647
2021-05-15 12:40:07+00,bike,Intersection,,MERIDIAN ST,MAVERICK SQ,780767.9,2960252.22,42.37015921,-71.0389047
2021-05-17 15:40:32+00,bike,Intersection,,POND ST,CENTRE ST,760538.37,2939908.46,42.31461093,-71.11410492
2021-05-19 15:02:04+00,bike,Street,LAKE ST,LAKE SHORE RD,GLENMONT RD,747289.77,2951147.76,42.3455324,-71.16274754
2021-05-22 07:05:32+00,bike,Street,JAMES J STORROW MEMORIAL DR,,,766940.68,2953558.42,42.35195533,-71.09018544
2021-05-22 22:09:32+00,bike,Intersection,,ROSSMORE RD,STEDMAN ST,762508.15,2936290.37,42.30465801,-71.10688377
2021-05-23 14:02:33+00,bike,Intersection,,COLUMBIA RD,COLUMBIA TER,771608.67,2938153.63,42.30965087,-71.07320764
2021-05-23 17:27:47+00,bike,Intersection,,BRIGHTON AVE,LINDEN ST,756125.14,2953782.91,42.35273665,-71.13019941
2021-05-24 16:29:17+00,bike,Intersection,,PRENTISS ST,TREMONT ST,766377.05,2946618.9,42.33295016,-71.09239923
2021-05-24 18:08:15+00,bike,Street,YARMOUTH ST,YARMOUTH PL,YARMOUTH PL,770622.86,2951425.33,42.34598821,-71.07672637
2021-05-25 16:37:34+00,bike,Street,BLUE HILL AVE,INTERVALE ST,BRUNSWICK ST,769501.54,2938965.88,42.31182413,-71.08078808
2021-05-26 15:53:32+00,bike,Intersection,,MAGNOLIA ST,DUDLEY ST,772543.61,2941553.38,42.31896705,-71.06968779
2021-05-26 18:09:54+00,bike,Street,WILLIAM J DAY BLVD,WILLIAM T MORRISSEY BLVD,BABE RUTH PARK DR,778131.55,2942877.8,42.32266629,-71.04933841
2021-05-27 15:39:10+00,bike,Street,SOUTH ST,BOWER TER,SAINT JOSEPH ST,760214.97,2937103.5,42.30692475,-71.11531445
2021-05-27 17:10:22+00,bike,Intersection,,CANTERBURY ST,WALK HILL ST,763720.45,2931850.2,42.29245849,-71.10247878
2021-05-27 18:35:20+00,bike,Street,STANIFORD ST,WILLIAM CARDINAL OCONNELL WAY,LONGFELLOW PL,773910.4,2957434.48,42.36250703,-71.06386838
2021-05-27 20:37:20+00,bike,Intersection,,FENNO ST,WALNUT AVE,768508.04,2942953.64,42.32286432,-71.08458415
2021-06-02 13:16:28+00,bike,Other,,,,761386.69,2953555.45,42.35204825,-71.11073818
2021-06-02 16:20:17+00,bike,Street,DUNKELD ST,QUINCY ST,FAYSTON ST,770978.62,2939353.02,42.31294911,-71.0755107
2021-06-03 10:42:45+00,bike,Street,FRONTAGE RD,SOUTHAMPTON ST,RAMP - RT 93 NB TO FRONTAGE RO,774851.1,2946611.17,42.332159,-71.062372
2021-06-03 23:47:34+00,bike,Intersection,,QUINCY ST,WARREN ST,768990.14,2940590.07,42.31637212,-71.08284421
2021-06-04 15:28:06+00,bike,Street,MCBRIDE ST,SOUTH ST,LEE ST,760750.39,2936729.88,42.30599943,-71.11338589
2021-06-07 05:53:31+00,bike,Street,CAMBRIDGE ST,SPICE ST,RAMP,770844.35,2965009.11,42.38348011,-71.07562039
2021-06-07 07:41:22+00,bike,Street,BLUE HILL AVE,FREMONT ST,WOODHAVEN ST,766449.95,2924850.69,42.27322862,-71.09348258
2021-06-08 09:43:14+00,bike,Street,SOLDIERS FIELD RD,WESTERN AVE,TELFORD ST,752401.21,2957289.11,42.36282445,-71.1441582
2021-06-10 12:30:49+00,bike,Intersection,,BREMEN ST,PORTER ST,781887.31,2961103.42,42.37247823,-71.03474514
2021-06-11 09:55:11+00,bike,Intersection,,SEAPORT BLVD,SLEEPER ST,778230.73,2954032.97,42.35313076,-71.04841534
2021-06-11 16:00:17+00,bike,Intersection,,BRAGDON ST,AMORY ST,764239.34,2941693.88,42.31946345,-71.10039053
2021-06-12 02:11:00+00,bike,Street,SUMMER ST,DRY DOCK AVE,THOMAS J. BUTLER FREIGHT CORRI,781241.88,2950378.34,42.34313312,-71.03726125
2021-06-12 12:51:43+00,bike,Street,VFW PKWY,PROVIDENCE HWY,CALEDONIAN AVE,746022.06,2921669.95,42.26473098,-71.16804252
2021-06-12 15:27:39+00,bike,Street,FIRST AVE,SIXTH ST,SEVENTH ST,776549.5,2962096.14,42.3750441,-71.05420838
2021-06-12 16:56:09+00,bike,Street,COMMONWEALTH AVE,CHESTNUT HILL AVE,CHESTNUT HILL DRWY,749616.88,2948602.45,42.33840535,-71.1545143
2021-06-13 14:31:44+00,bike,Street,WASHINGTON ST,BOYLSTON ST,IFFLEY RD,764094.58,2939471.18,42.3132714,-71.10078819
2021-06-16 17:19:13+00,bike,Intersection,,COLUMBIA RD,WASHINGTON ST,769624.22,2936613.26,42.30545103,-71.08057209
2021-06-17 17:56:59+00,bike,Street,WASHINGTON ST,MAPLEWOOD ST,HERON ST,751253.83,2923361.86,42.26917123,-71.14846555
2021-06-18 06:23:02+00,bike,Street,DORCHESTER AVE,LEEDSVILLE ST,ELLET ST,775479.07,2936309.37,42.30455913,-71.05911611
2021-06-19 05:37:21+00,bike,Street,BOYLSTON ST,PARK DR,IPSWICH ST,765593.93,2951107.18,42.34526352,-71.09521023
2021-06-21 16:12:07+00,bike,Street,MADISON PARK CT,SHAWMUT AVE,DEWITT DR,768239.45,2945908.49,42.33080332,-71.08566139
2021-06-21 18:25:02+00,bike,Street,OLD COLONY AVE,COLUMBIA ROAD ROTARY,GENERAL WILLIAM H DEVINE WAY,777063.89,2945158.61,42.32881519,-71.05259496
2021-06-22 13:48:24+00,bike,Street,COMMONWEALTH AVE,BUICK ST,ESSEX ST,760511.46,2953100.03,42.3507931,-71.11398718
2021-06-25 07:20:23+00,bike,Street,FRANKLIN ST,LINCOLN ST,ADAMSON ST,755365.54,2955501.52,42.35746127,-71.13298907
2021-06-25 10:35:19+00,bike,Street,MCBRIDE ST,CALL ST,WASHINGTON ST,761772.68,2936781.91,42.30584701,-71.10971096
2021-06-26 15:26:41+00,bike,Intersection,,SUMMER ST,E FIRST ST,781754.31,2948596.65,42.33816145,-71.03548938
2021-06-27 20:51:47+00,bike,Intersection,,BENNINGTON ST,LEVERETT AVE,792009.27,2967531.43,42.38995905,-70.99714737
2021-07-01 16:16:43+00,bike,Intersection,,COMMONWEALTH AVE,BUICK ST,760034.3,2953249.94,42.35122675,-71.11574638
2021-07-01 19:44:03+00,bike,Street,PERKINS ST,ZAMORA ST,PARKTON RD,760627.24,2942421.64,42.32134342,-71.11369288
2021-07-04 00:53:51+00,bike,Street,MANSFIELD ST,BRADBURY ST,EASTON ST,755632.77,2956076.51,42.3590935,-71.13181734
2021-07-08 18:08:21+00,bike,Intersection,,MARLBOROUGH ST,HEREFORD ST,767913.85,2953111.66,42.35074621,-71.08659926
2021-07-10 16:49:50+00,bike,Street,CHESTNUT HILL AVE,ENGLEWOOD AVE,SUTHERLAND RD,750490.82,2947903.17,42.33647508,-71.15140418
2021-07-10 18:08:56+00,bike,Street,JETTE CT,FIDELIS WAY,FIDELIS WAY,752607.95,2951507.69,42.34642798,-71.14295943
2021-07-13 08:11:18+00,bike,Intersection,,WALNUT ST,BEACON ST,773525.55,2955422.16,42.35700976,-71.06579601
2021-07-14 08:48:52+00,bike,Intersection,,D ST,BOLTON ST,777938.87,2949204.4,42.33988528,-71.0495894
2021-07-14 17:40:06+00,bike,Intersection,,DEVONSHIRE ST,STATE ST,775952.45,2956115.59,42.3588783,-71.05680381
2021-07-15 17:38:12+00,bike,Intersection,,ALFORD ST,MAIN ST,771298.48,2965530.93,42.38477917,-71.07384872
2021-07-18 21:16:32+00,bike,Street,NORFOLK ST,NELSON ST,WILLOWWOOD ST,768400.36,2928387.71,42.28273135,-71.08513007
2021-07-19 06:47:09+00,bike,Street,MASSACHUSETTS AVE,MAGAZINE ST,PROCTOR ST,773210.41,2944795.5,42.32765789,-71.06759156
2021-07-19 16:52:05+00,bike,Street,WASHINGTON ST,ATHERTON ST,BEETHOVEN ST,764602.78,2940272.08,42.31536606,-71.09871835
2021-07-20 17:16:48+00,bike,Street,WASHINGTON ST,BALDWIN PL,ARGUS PL,749633.96,2952392.56,42.34913255,-71.15423325
2021-07-20 19:45:14+00,bike,Intersection,,CENTRE ST,LAGRANGE ST,748670.12,2927498.1,42.28069502,-71.15816896
2021-07-24 10:40:59+00,bike,Intersection,,CLEARWAY ST,MASSACHUSETTS AVE,767860.6,2951186.65,42.34546463,-71.08683075
2021-07-26 11:05:33+00,bike,Intersection,,HILLSIDE ST,SACHEM ST,762935.31,2945900.63,42.33102362,-71.10514024
2021-07-27 10:03:37+00,bike,Intersection,,SUMMER ST,PAPPAS WAY,780800.32,2950783.41,42.34417617,-71.03897412
2021-07-27 17:46:27+00,bike,Intersection,,ARLINGTON ST,BEACON ST,771767.12,2954868.8,42.35551571,-71.072312
2021-07-27 17:47:48+00,bike,Intersection,,BEACON ST,MASSACHUSETTS AVE,767133.97,2953148.66,42.35085807,-71.08948367
2021-07-29 06:07:23+00,bike,Intersection,,MAIN ST,W SCHOOL ST,773488.92,2962545.17,42.37655591,-71.06579738
2021-07-30 10:02:26+00,bike,Intersection,,MASSACHUSETTS AVE,TREMONT ST,769599.41,2948958.31,42.33932671,-71.08043933
2021-08-01 15:09:45+00,bike,Intersection,,WASHINGTON ST,HARVARD AVE,770881.54,2934950.12,42.30087022,-71.0759547
2021-08-02 08:15:23+00,bike,Intersection,,DORCHESTER AVE,PARK ST,775029.79,2934156.24,42.29863416,-71.06063601
2021-08-02 10:39:33+00,bike,Intersection,,CLARENDON ST,NEWBURY ST,770887.17,2953397.16,42.35148956,-71.0755946
2021-08-02 17:06:54+00,bike,Intersection,,MARGINAL RD,TREMONT ST,773136.09,2952113.11,42.34793509,-71.06729902
2021-08-03 14:49:26+00,bike,Intersection,,STATE ST,JOHN F. FITZGERALD SURFACE RD,777129.87,2956361.41,42.35953596,-71.05244277
2021-08-04 15:18:36+00,bike,Intersection,,MASSACHUSETTS AVE,NEWBURY ST,767503.41,2952151.9,42.34811805,-71.08813477
2021-08-06 18:11:56+00,bike,Intersection,,MELNEA CASS BLVD,SOJOURNER TRUTH CT,768461.22,2947285.44,42.33475158,-71.08467928
2021-08-07 09:01:00+00,bike,Intersection,,CHESTERTON ST,MASSACHUSETTS AVE,772439.04,2945768.89,42.33053602,-71.06999586
2021-08-08 14:54:17+00,bike,Street,GRANITE AVE,HILL TOP ST,DEAD END,776760.12,2926698.86,42.27826917,-71.05390119
2021-08-11 09:03:00+00,bike,Street,BLUE HILL AVE,BABSON ST,FAIRWAY ST,766044.97,2923504.04,42.26952014,-71.09382498
2021-08-11 19:00:27+00,bike,Street,CHARLES ST,DAVID G MUGAR WAY,SILVER PL,772230.09,2956748.11,42.36061875,-71.07085415
2021-08-11 21:41:47+00,bike,Street,DORCHESTER AVE,BELLFLOWER ST,DORSET ST,775956.65,2943319.76,42.32376811,-71.05683135
2021-08-13 15:38:56+00,bike,Street,FOREST ST,VINE ST,ADAMS ST,770361.24,2944389.23,42.3267681,-71.07771877
2021-08-15 18:43:52+00,bike,Intersection,,BRAINERD RD,HARVARD AVE,756178.25,2952500.11,42.34921597,-71.13002351
2021-08-16 22:29:24+00,bike,Intersection,,GRANITE AVE,GALLIVAN BLVD,776391.68,2928323.61,42.28260973,-71.05571433
2021-08-18 13:47:54+00,bike,Intersection,,BEACON ST,CHARLES ST,772545.17,2955133.41,42.35623106,-71.06942855
2021-08-18 17:14:58+00,bike,Intersection,,COLUMBUS AVE,DAVENPORT ST,768459.38,2948579.39,42.33830225,-71.08466278
2021-08-19 06:54:16+00,bike,Intersection,,DORCHESTER ST,OLD COLONY AVE,777019.66,2946180.44,42.33160071,-71.05304792
2021-08-19 13:35:11+00,bike,Street,JULIAN ST,JUDSON ST,COTTAGE CT,770947.85,2941767.35,42.31941682,-71.07556105
2021-08-20 07:15:25+00,bike,Street,TREMONT ST,W BROOKLINE ST,PEMBROKE ST,770993.4,2949862.49,42.34193876,-71.07541282
2021-08-21 10:42:47+00,bike,Intersection,,CLINTON ST,JOHN F. FITZGERALD SURFACE RD,776773.82,2956824.28,42.3608112,-71.05375115
2021-08-21 14:56:30+00,bike,Street,WASHINGTON ST,EUSTIS ST,DADE ST,769173.36,2946251.97,42.33179421,-71.0818837
2021-08-21 21:42:21+00,bike,Street,HUNTINGTON AVE,CRAFTSON WAY,HEATH ST,761370.3,2945470.17,42.32979399,-71.11122813
2021-08-23 20:57:55+00,bike,Intersection,,GENERAL CASIMIR PULASKI SKWY,MASSACHUSETTS AVE,771888.4,2946525.63,42.33262014,-71.07201819
2021-08-24 09:00:56+00,bike,Intersection,,NORTHAMPTON ST,COLUMBUS AVE,769036.11,2949215.42,42.34003981,-71.08251815
2021-08-24 14:20:44+00,bike,Street,MASSACHUSETTS AVE,NAPA ST,SHIRLEY ST,773308.45,2944516.06,42.32698485,-71.0670234
2021-08-25 18:09:59+00,bike,Intersection,,OLD HARBOR ST,DORCHESTER ST,778519.99,2947295.14,42.33463778,-71.04747746
2021-08-25 18:42:14+00,bike,Intersection,,PERKINS ST,FRANCIS PARKMAN DR,757899.64,2941608.45,42.31930813,-71.12383328
2021-08-26 18:30:06+00,bike,Street,COMMONWEALTH AVE,BROOKLINE AVE,KENMORE ST,765621.53,2952295.9,42.34879221,-71.09510166
2021-08-26 19:26:16+00,bike,Intersection,,GIBSON ST,DORCHESTER AVE,774923.36,2933643.37,42.29722832,-71.06103916
2021-08-30 17:35:44+00,bike,Intersection,,CENTOLA ST,LEO M BIRMINGHAM PKWY,751542.07,2956179.66,42.35936669,-71.14711779
2021-08-31 19:23:24+00,bike,Street,HUNTINGTON AVE,FRANCIS ST,WIGGLESWORTH ST,763317.93,2947120.51,42.33446644,-71.10377485
2021-09-03 14:30:42+00,bike,Street,DUDLEY ST,BURGESS ST,MAGNOLIA ST,772555.61,2941684.5,42.31901358,-71.06985853
2021-09-04 16:24:02+00,bike,Intersection,,ADAMS ST,KING ST,775939.31,2932154.05,42.29312714,-71.05731254
2021-09-04 18:40:36+00,bike,Street,FOWLER ST,GLENWAY ST,GREENWOOD ST,769083.08,2934863.21,42.30052267,-71.08253776
2021-09-06 17:28:30+00,bike,Intersection,,WESTERN AVE,SOLDIERS FIELD RD,752044.78,2956989.14,42.3615822,-71.14524536
2021-09-07 09:49:47+00,bike,Intersection,,ALBANY ST,MASSACHUSETTS AVE,771496.77,2946868.37,42.33356602,-71.07346022
2021-09-08 18:37:44+00,bike,Intersection,,MASSACHUSETTS AVE,ALBANY ST,771496.77,2946868.37,42.33356602,-71.07346022
2021-09-09 11:27:50+00,bike,Other,,,,780636.55,2965289.62,42.3839838,-71.03929007
2021-09-09 17:24:02+00,bike,Street,BRIGHTON AVE,ISLINGTON ST,HIGGINS ST,754398.51,2953965.91,42.35340614,-71.13655686
2021-09-10 09:53:01+00,bike,Street,JERSEY ST,QUEENSBERRY ST,PARK DR,765101.86,2950113.53,42.34260421,-71.09687283
2021-09-10 14:16:40+00,bike,Street,WESTERN AVE,EAST DR,HAGUE ST,758681.26,2957883.91,42.36394361,-71.12067328
2021-09-12 03:49:35+00,bike,Street,MASSACHUSETTS AVE,SHAWMUT AVE,CHESTER PARK,770203.64,2948425.38,42.33772845,-71.07840598
2021-09-13 12:50:45+00,bike,Street,TREMONT ST,WEST ST,AVERY ST,774093.93,2954312.25,42.35401831,-71.06393859
2021-09-15 05:54:49+00,bike,Street,SOUTHAMPTON ST,ELLERY ST,BOSTON ST,775850.65,2945505.78,42.32958423,-71.05744891
2021-09-15 17:39:25+00,bike,Street,RIVER ST,LEAHAVEN RD,LEDGEBROOK RD,769113.96,2924127.44,42.27133511,-71.08268195
2021-09-15 18:01:42+00,bike,Intersection,,BLUE LEDGE DR,ENNEKING PKWY,753394.39,2925208.74,42.27435956,-71.14074705
2021-09-15 18:32:14+00,bike,Intersection,,CHARLES ST,SILVER PL,772158.43,2956714.01,42.36057361,-71.07082995
2021-09-16 14:01:39+00,bike,Intersection,,DORCHESTER AVE,SOUTHAMPTON ST,775953.03,2945415,42.32951559,-71.05700728
2021-09-19 01:40:44+00,bike,Intersection,,KNEELAND ST,ALBANY ST,775177.11,2952933.92,42.35015875,-71.0597332
2021-09-19 02:01:36+00,bike,Intersection,,JOHN F. FITZGERALD SURFACE RD,ESSEX ST,775601.71,2953741.89,42.35236981,-71.05814698
2021-09-20 10:43:25+00,bike,Intersection,,BEVERLY ST,CAUSEWAY ST,775022.61,2958712.44,42.3660173,-71.06019453
2021-09-21 08:54:47+00,bike,Intersection,,BEACON ST,CHESTNUT HILL AVE,750692.36,2947492.78,42.33553916,-71.15039335
2021-09-23 12:39:54+00,bike,Intersection,,MILK ST,PEARL ST,776246.55,2955400.66,42.35691232,-71.05572946
2021-09-24 00:38:28+00,bike,Intersection,,MURDOCK ST,N BEACON ST,752081.63,2954652.66,42.35517041,-71.14514498
2021-09-24 17:18:28+00,bike,Intersection,,COMMONWEALTH AVE,GREYCLIFF RD,747696.25,2949171.4,42.34017853,-71.16144981
2021-09-24 22:47:54+00,bike,Street,MONSIGNOR PATRICK J. LYDON WAY,DORCHESTER AVE,FLORIDA ST,774448.72,2930444.11,42.28828799,-71.06277527
2021-09-25 10:55:50+00,bike,Intersection,,COMMONWEALTH AVE,CHARLESGATE E,766570.39,2952549.63,42.34922174,-71.09157917
2021-09-27 10:59:53+00,bike,Intersection,,MARLBOROUGH ST,MASSACHUSETTS AVE,767240.22,2952859.41,42.35006296,-71.08909576
2021-09-28 21:17:18+00,bike,Intersection,,BEXLEY RD,WASHINGTON ST,757281.89,2930256.36,42.28816477,-71.12630134
2021-09-29 17:39:13+00,bike,Intersection,,OLD COLONY AVE,DORCHESTER AVE,775959.79,2948492.47,42.33796017,-71.05692316
2021-09-29 19:10:50+00,bike,Intersection,,DARTMOUTH ST,MARLBOROUGH ST,770043.1,2953896.41,42.35287099,-71.07870804
2021-09-30 11:52:47+00,bike,Intersection,,CENTRE ST,LAGRANGE ST,748670.12,2927498.1,42.28069502,-71.15816896
2021-10-01 14:31:07+00,bike,Street,MELCHER ST,SUMMER ST,NECCO ST,777720.86,2952877.01,42.34980688,-71.05052788
2021-10-02 11:28:06+00,bike,Street,ARCHDALE RD,WASHINGTON ST,SOUTH ST,758455.87,2931985.73,42.29301207,-71.12181453
2021-10-03 13:35:17+00,bike,Intersection,,DECKARD ST,HUMBOLDT AVE,767890.72,2940591.88,42.31639177,-71.08690913
2021-10-04 06:16:57+00,bike,Intersection,,CEDAR ST,CENTRE ST,765504.09,2944696.14,42.32768543,-71.09566144
2021-10-06 22:51:13+00,bike,Other,,,,774425.85,2959478.65,42.36812821,-71.06238815
2021-10-12 00:35:33+00,bike,Intersection,,DUDLEY ST,HARRISON AVE,768996.06,2945051.04,42.32861314,-71.08274164
2021-10-13 01:48:13+00,bike,Intersection,,DORCHESTER AVE,PARK ST,775029.79,2934156.24,42.29863416,-71.06063601
2021-10-13 16:55:10+00,bike,Street,HARRISON AVE,SAVOY ST,ROLLINS ST,773135.3,2949645.73,42.341159,-71.06734042
2021-10-14 16:51:47+00,bike,Intersection,,SPRING ST,ALARIC ST,747538.18,2926396.6,42.27768479,-71.16236793
2021-10-14 23:25:39+00,bike,Intersection,,WESTERN AVE,SOLDIERS FIELD RD,752044.78,2956989.14,42.3615822,-71.14524536
2021-10-15 00:58:59+00,bike,Street,BOYLSTON ST,IPSWICH ST,JERSEY ST,765557.5,2951006.35,42.34519953,-71.09544795
2021-10-18 13:15:56+00,bike,Street,COMMONWEALTH AVE,HARRY AGGANIS WAY,BUICK ST,760015.89,2953175.83,42.35100724,-71.11581935
2021-10-19 15:01:53+00,bike,Street,WASHINGTON ST,MONASTERY RD,NANTASKET AVE,751445.53,2951640.87,42.34672002,-71.14768351
2021-10-20 07:29:26+00,bike,Intersection,,PERKINS ST,FRANCIS PARKMAN DR,757899.64,2941608.45,42.31930813,-71.12383328
2021-10-22 06:35:33+00,bike,Street,BROOKLINE AVE,SHORT ST,LONGWOOD AVE,762776.07,2949111.42,42.34005083,-71.10605335
2021-10-22 15:14:46+00,bike,Intersection,,FREEPORT ST,BEACH ST,776732.43,2936071.87,42.30386651,-71.05430551
2021-10-22 18:17:20+00,bike,Intersection,,GENEVA AVE,PARK ST,774537.05,2933961.62,42.29810706,-71.06246102
2021-10-22 23:48:06+00,bike,Street,MERIDIAN ST,PARIS ST,HAVRE ST,780800.01,2960882.45,42.37188445,-71.03900433
2021-10-23 02:39:49+00,bike,Intersection,,ESSEX ST,KINGSTON ST,775266.24,2953799.91,42.35253378,-71.05938693
2021-10-24 17:52:21+00,bike,Street,SOUTHAMPTON ST,ATKINSON ST,MASSACHUSETTS AVE,772633.48,2946444.11,42.33196417,-71.06941753
2021-10-26 06:29:19+00,bike,Intersection,,MELNEA CASS BLVD,MASSACHUSETTS AVE,771888.4,2946525.63,42.33262014,-71.07201819
2021-10-26 07:55:58+00,bike,Intersection,,LONGWOOD AVE,BINNEY ST,762654.77,2948539.4,42.33826807,-71.10613267
2021-10-26 18:22:25+00,bike,Street,WASHINGTON ST,LANGLEY RD,OAK SQUARE AVE,747187.15,2952492.09,42.34910111,-71.16341032
2021-10-28 12:43:43+00,bike,Intersection,,CENTRE ST,POND ST,760538.37,2939908.46,42.31461093,-71.11410492
2021-10-28 16:46:34+00,bike,Intersection,,BLUE HILL AVE,WARREN ST,769064.97,2938101.08,42.30954121,-71.08261257
2021-10-29 14:55:50+00,bike,Street,COLONEL MICHAEL J. MCDONOUGH WAY,OLD COLONY AVE,GENERAL LAWRENCE J LOGAN WAY,776939.47,2944711.43,42.32756771,-71.05336669
2021-10-29 17:20:31+00,bike,Intersection,,COMMONWEALTH AVE,MASSACHUSETTS AVE,767364.62,2952528.83,42.34915419,-71.08864146
2021-10-31 00:53:19+00,bike,Street,NEWMARKET SQ,MASSACHUSETTS AVE,SOUTHAMPTON ST,773417.68,2944837.31,42.32812294,-71.06601276
2021-10-31 11:40:07+00,bike,Intersection,,HUNTINGTON AVE,LONGWOOD AVE,764287.45,2947659.29,42.33583217,-71.10010923
2021-11-04 18:21:46+00,bike,Street,WASHINGTON ST,MALCOLM X BLVD,GUILD ROW,768205.17,2944987.8,42.32860512,-71.08577978
2021-11-06 12:24:40+00,bike,Street,GREYLOCK RD,ALLSTON ST,GLENVILLE AVE,755131.06,2952897.52,42.35013339,-71.13399427
2021-11-07 13:22:45+00,bike,Intersection,,OLD COLONY AVE,PREBLE ST,777145.28,2945315.01,42.32922414,-71.05260013
2021-11-07 19:12:07+00,bike,Street,DUDLEY ST,NEWMAN PL,HAMPDEN ST,770879.26,2944281.11,42.326465,-71.07580571
2021-11-08 15:22:19+00,bike,Street,COMMONWEALTH AVE,BABCOCK ST,ALCORN ST,758387.73,2953589.97,42.35194792,-71.1218861
2021-11-09 16:42:13+00,bike,Street,EVANS ST,THETFORD AVE,STANTON ST,770470.74,2928339.56,42.28289126,-71.07765257
2021-11-10 16:30:32+00,bike,Street,SOUTHAMPTON ST,ATKINSON ST,MASSACHUSETTS AVE,772564.37,2946206.88,42.33196858,-71.06943973
2021-11-10 16:35:54+00,bike,Street,SOLDIERS FIELD RD,CAMBRIDGE ST,RAMP - WESTERN AVENUE TO SOLDI,759325.81,2956457.17,42.36010369,-71.11752421
2021-11-10 18:39:40+00,bike,Street,COMMONWEALTH AVE,BLANDFORD MALL,BEACON ST,764425.44,2952392.2,42.34905401,-71.09946765
2021-11-11 17:21:29+00,bike,Intersection,,SOUTH ST,BOYNTON ST,760401.12,2936564.95,42.30543785,-71.11466821
2021-11-13 12:38:43+00,bike,Street,CHARLES ST,BOYLSTON ST,RIVER ST,772626.65,2954665.21,42.35504235,-71.06881322
2021-11-13 17:04:12+00,bike,Street,CUMMINS HWY,MOUNT CALVARY RD,CHASE ST,760310.93,2926321.32,42.27759412,-71.11478658
2021-11-13 19:27:45+00,bike,Street,UPTON ST,IVANHOE ST,DRAPERS LN,771687.39,2950163.8,42.34268958,-71.07256725
2021-11-14 00:04:11+00,bike,Intersection,,PARK ST,WASHINGTON ST,771931.92,2933003.12,42.29551315,-71.07210812
2021-11-19 15:42:25+00,bike,Intersection,,BEACON ST,COMMONWEALTH AVE,765127.84,2952446.45,42.34895744,-71.09691738
2021-11-30 09:14:52+00,bike,Street,KIRKWOOD RD,FOSTER ST,RADNOR RD,748545.23,2949527.42,42.34127843,-71.15823109
2021-12-01 00:08:09+00,bike,Street,FANEUIL ST,MARKET ST,SEAGER CT,750755.15,2954648.26,42.35490602,-71.15024444
2021-12-10 18:18:15+00,bike,Intersection,,QUINCY ST,WARREN ST,768990.14,2940590.07,42.31637212,-71.08284421
2021-12-15 15:06:28+00,bike,Intersection,,HARVARD ST,HARRISON AVE,774600.98,2952791.33,42.34977562,-71.06186721
2021-12-28 14:55:18+00,bike,Intersection,,MEDFORD ST,SHORT ST,772354.98,2965152.93,42.38372739,-71.06994529
2022-01-02 21:08:53+00,bike,Street,HUNTINGTON AVE,HUNTINGTON AVE,COLBURN ST,761044.12,2946058.68,42.33152494,-71.1119066
2022-01-05 15:44:51+00,bike,Street,E ST,BOWEN ST,W FIFTH ST,777563.58,2947836.14,42.33622697,-71.05114701
2022-01-13 18:15:41+00,bike,Street,CAMBRIDGE ST,CHARLES RIVER PLZ,IRVING ST,773557.47,2956963.44,42.36122235,-71.06564897
2022-01-14 13:29:22+00,bike,Intersection,,RIVERWAY,BROOKLINE AVE,761614.87,2947808.72,42.33627617,-71.10999125
2022-01-14 17:40:50+00,bike,Intersection,,BLUE HILL AVE,HARVARD ST,767679.94,2932756.13,42.29489285,-71.08782846
2022-01-20 09:18:33+00,bike,Street,SOLDIERS FIELD RD,CAMBRIDGE ST,RAMP - WESTERN AVENUE TO SOLDI,759325.81,2956457.17,42.36010369,-71.11752421
2022-01-24 09:30:16+00,bike,Street,NASHUA ST,COTTING ST,RAMP - LEVERETT CONNECTOR TO N,773735.65,2959372.35,42.36750434,-71.0653452
2022-01-24 12:39:24+00,bike,Intersection,,HERALD ST,WASHINGTON ST,773877.61,2951643.4,42.34663583,-71.06456486
2022-01-26 08:24:14+00,bike,Intersection,,MELNEA CASS BLVD,MASSACHUSETTS AVE,771888.4,2946525.63,42.33262014,-71.07201819
2022-02-10 14:45:40+00,bike,Intersection,,BYNNER ST,JAMAICAWAY,760372.9,2943476.14,42.32440287,-71.11465711
2022-02-14 12:04:34+00,bike,Intersection,,AVENUE LOUIS PASTEUR,BLACKFAN CIR,763868.15,2948927.4,42.33931729,-71.10163811
2022-02-16 15:50:25+00,bike,Intersection,,DORCHESTER ST,W FIFTH ST,778434.06,2947240.89,42.33449016,-71.04779633
2022-02-17 09:45:25+00,bike,Street,TOPEKA ST,SOUTHAMPTON ST,S BAY AVE,773401.78,2946890.47,42.33370986,-71.06671178
2022-02-21 18:16:48+00,bike,Street,FOLSOM ST,DUDLEY ST,HARLOW ST,772179.52,2941543.92,42.31904641,-71.07120324
2022-02-23 15:05:37+00,bike,Street,DAVID G MUGAR WAY,CHARLESBANK RD,JAMES J STORROW MEMORIAL DR,771390.63,2955496.06,42.35708763,-71.07302537
2022-02-27 15:38:27+00,bike,Intersection,,HUMBOLDT AVE,MARTIN LUTHER KING JR BLVD,768127.97,2941606.63,42.31917314,-71.08601372
2022-03-01 12:14:52+00,bike,Street,WARREN ST,ZEIGLER ST,TABER ST,768692.19,2945448.97,42.32963619,-71.08328311
2022-03-04 19:38:38+00,bike,Intersection,,FOSTER ST,WASHINGTON ST,748857.86,2952412.94,42.34906072,-71.15710509
2022-03-05 18:12:58+00,bike,Intersection,,CAMBRIDGE ST,BRIGHTON AVE,754388.61,2954078.33,42.35356777,-71.13661904
2022-03-05 22:14:35+00,bike,Intersection,,BOSTON ST,ELLERY ST,775758.74,2945006.64,42.3283978,-71.05773362
2022-03-07 17:03:01+00,bike,Street,BEACON ST,SPRUCE ST,CHARLES ST,772968.37,2955329.47,42.35654146,-71.06777273
2022-03-16 08:51:31+00,bike,Intersection,,HUNTINGTON AVE,S HUNTINGTON AVE,761056.54,2946262.09,42.33203914,-71.11208227
2022-03-18 06:47:29+00,bike,Intersection,,N GROVE ST,CAMBRIDGE ST,772733.98,2956943.27,42.36119474,-71.06869615
2022-03-18 10:03:58+00,bike,Street,TERRACE ST,CEDAR ST,NEW HEATH ST,764707.18,2944303.79,42.3266562,-71.09880831
2022-03-18 22:14:39+00,bike,Intersection,,ALBANY ST,MASSACHUSETTS AVE,771496.77,2946868.37,42.33356602,-71.07346022
2022-03-21 07:40:25+00,bike,Intersection,,JAMAICAWAY,PERKINS ST,759859.09,2942243.64,42.32102719,-71.11657758
2022-03-23 16:01:20+00,bike,Street,WILLIAM T MORRISSEY BLVD,INTERSTATE 93 S,BIANCULLI BLVD,780753.33,2939845.32,42.31219332,-71.04601734
2022-03-26 09:41:05+00,bike,Intersection,,CHESTNUT HILL AVE,ENGLEWOOD AVE,750181.25,2948092.15,42.33718959,-71.15227465
2022-03-27 13:25:01+00,bike,Intersection,,READING ST,KEMBLE ST,771246.98,2945497.39,42.32980742,-71.07440933
2022-03-31 11:34:17+00,bike,Intersection,,BERKELEY ST,BACK ST,771029.67,2954803.39,42.35534634,-71.07504151
2022-04-02 18:23:42+00,bike,Street,COMMONWEALTH AVE,BUICK ST,ESSEX ST,761080.86,2953013.01,42.35054723,-71.11188222
2022-04-05 18:27:50+00,bike,Intersection,,BEACON ST,MASSACHUSETTS AVE,767133.97,2953148.66,42.35085807,-71.08948367
2022-04-08 00:17:04+00,bike,Intersection,,W BROADWAY,E BROADWAY,779049.44,2947600.85,42.33546893,-71.04551331
2022-04-08 19:43:43+00,bike,Street,HUNTINGTON AVE,CRAFTSON WAY,HEATH ST,761208.22,2945492.75,42.32997905,-71.11130693
2022-04-08 20:14:04+00,bike,Street,CITY HALL PLZ,COURT ST,DEAD END,775555.04,2956635.7,42.35974461,-71.05824521
2022-04-08 21:48:56+00,bike,Intersection,,COLUMBUS AVE,MASSACHUSETTS AVE,769244.78,2949443.97,42.34066415,-71.08174219
2022-04-13 16:26:46+00,bike,Intersection,,PURCHASE ST,OLIVER ST,777245.54,2954801.09,42.35525275,-71.05204512
2022-04-15 10:48:44+00,bike,Street,HYDE PARK AVE,GRANT PL,RIVER ST,757897.99,2918712.74,42.25644545,-71.12396106
2022-04-15 14:06:16+00,bike,Intersection,,WOODHAVEN ST,BLUE HILL AVE,766184.73,2924891.14,42.27333049,-71.09349347
2022-04-17 21:53:20+00,bike,Intersection,,GENEVA AVE,OLNEY ST,771366.54,2936428.37,42.30491999,-71.07413463
2022-04-19 12:17:18+00,bike,Intersection,,ATKINSON ST,SOUTHAMPTON ST,772685.21,2946272.18,42.33191366,-71.06907608
2022-04-20 05:05:34+00,bike,Intersection,,BEACON ST,CHARLESGATE W,766221.57,2952819.13,42.34996583,-71.0928648
2022-04-21 18:18:00+00,bike,Intersection,,CENTRE ST,LAMARTINE ST,764185.65,2942920.88,42.32283108,-71.10056781
2022-04-25 17:45:32+00,bike,Street,MASSACHUSETTS AVE,PUBLIC ALLEY NO. 909,HAVILAND ST,767616.54,2951685.9,42.34688892,-71.08754131
2022-04-27 06:29:02+00,bike,Intersection,,WESTERN AVE,RIVERDALE ST,755568.01,2957618.92,42.36326939,-71.13219931
2022-04-28 11:52:09+00,bike,Intersection,,TRAVIS ST,WESTERN AVE,756497.01,2957630.92,42.36329127,-71.12876172
2022-04-28 23:57:12+00,bike,Street,BRIGHTON AVE,ISLINGTON ST,HIGGINS ST,754382.51,2953965.91,42.35341204,-71.13661499
2022-05-02 12:08:40+00,bike,Street,BEACON ST,HEREFORD ST,MASSACHUSETTS AVE,767221.39,2953306.22,42.3509748,-71.08900083
2022-05-05 19:40:49+00,bike,Intersection,,STRATHMORE RD,SUTHERLAND RD,750990.88,2948627.15,42.33864856,-71.14927203
2022-05-06 19:59:53+00,bike,Street,BRAGDON ST,ERNST ST,MILES ST,764504.56,2941441,42.31888709,-71.09930354
2022-05-09 02:21:42+00,bike,Street,WASHINGTON ST,ASTICOU RD,UKRAINE WAY,760523,2934732.17,42.30046657,-71.11469418
2022-05-09 20:09:42+00,bike,Street,JAMAICAWAY ,CRAFTSON WAY,BYNNER ST,760533.03,2943502.81,42.32466628,-71.11432312
2022-05-10 17:04:35+00,bike,Intersection,,HUNTINGTON AVE,MASSACHUSETTS AVE,768353.16,2950235.9,42.34284918,-71.08502585
2022-05-11 21:43:21+00,bike,Intersection,,CORNWALL ST,WASHINGTON ST,763672.96,2938793.38,42.31151159,-71.10253472
2022-05-13 16:20:01+00,bike,Street,MASSACHUSETTS AVE,CLAPP ST,COLUMBIA RD,774593.74,2942252.24,42.32093443,-71.06191893
2022-05-13 16:42:33+00,bike,Intersection,,WASHINGTON ST,SOUTH ST,760425.97,2934952.21,42.30101209,-71.11460329
2022-05-15 10:48:55+00,bike,Intersection,,CHESTNUT HILL AVE,BEACON ST,750692.36,2947492.78,42.33553916,-71.15039335
2022-05-15 12:40:29+00,bike,Intersection,,FANEUIL ST,MARKET ST,750782.81,2954515.91,42.35480989,-71.14995223
2022-05-16 15:12:41+00,bike,Street,HUNTINGTON AVE,EVANS WAY,LONGWOOD AVE,764354,2947913.2,42.336223,-71.099671
2022-05-17 20:57:23+00,bike,Intersection,,WAVERLY ST,WESTERN AVE,753296.76,2957315.16,42.36246243,-71.14060793
2022-05-18 13:23:04+00,bike,Intersection,,WASHINGTON ST,BEECHLAND CIR,754192.34,2926407.08,42.27763863,-71.13777988
2022-05-20 16:03:03+00,bike,Intersection,,JAMAICA ST,SOUTH ST,760297.73,2936884.24,42.30631528,-71.11504509
2022-05-22 12:43:24+00,bike,Street,DORCHESTER AVE,ORCHARDFIELD ST,GREENWICH ST,775318.5,2935973.27,42.30359035,-71.05933231
2022-05-25 16:06:13+00,bike,Street,DAVID G MUGAR WAY,CHARLESBANK RD,JAMES J STORROW MEMORIAL DR,771390.63,2955496.06,42.35708763,-71.07302537
2022-05-27 09:01:30+00,bike,Street,AMORY ST,GORDON ST,WILLIAMS ST,762201.21,2937713.16,42.3086592,-71.10824691
2022-05-27 18:14:46+00,bike,Intersection,,TREMONT ST,UNION PARK,771789.34,2950532.02,42.34361517,-71.07231025
2022-05-29 11:23:01+00,bike,Street,GALLIVAN BLVD,ROSS RD,ADAMS ST,776434.55,2928445.86,42.28269379,-71.0555275
2022-05-30 22:40:22+00,bike,Intersection,,TREMONT ST,MARGINAL RD,773136.09,2952113.11,42.34793509,-71.06729902
2022-06-02 16:53:38+00,bike,Street,C ST,W SECOND ST,W FIRST ST,777700.63,2949767.12,42.34142809,-71.05045219
2022-06-05 18:31:03+00,bike,Street,HYDE PARK AVE,WEST ST,DELL AVE,758242.04,2920377.93,42.26093635,-71.12258567
2022-06-07 07:25:32+00,bike,Intersection,,GASTON ST,WARREN ST,768778.66,2939569.63,42.31357482,-71.08364455
2022-06-10 16:54:49+00,bike,Street,SOLDIERS FIELD RD,EVERETT ST,RAMP - SOLDIERS FIELD ROAD WB,753038.72,2957908.22,42.36342157,-71.14138669
2022-06-11 16:45:27+00,bike,Intersection,,ORTON-MAROTTA WAY,D ST,776993.5,2948103.9,42.33687912,-71.05310739
2022-06-13 07:19:00+00,bike,Intersection,,AMORY ST,WILLIAMS ST,761909.79,2937293.09,42.30741707,-71.10907873
2022-06-14 07:23:52+00,bike,Intersection,,CENTRE ST,LAMARTINE ST,764185.65,2942920.88,42.32283108,-71.10056781
2022-06-15 07:14:49+00,bike,Intersection,,MERIDIAN ST,SARATOGA ST,780704.54,2962232.79,42.37559485,-71.03909956
2022-06-15 08:06:35+00,bike,Intersection,,GREENWOOD AVE,METROPOLITAN AVE,759526.47,2921595.71,42.26437201,-71.11814929
2022-06-15 19:53:23+00,bike,Intersection,,FLORENCE ST,HARRISON ST,758606.95,2929917.61,42.28721918,-71.12140985
2022-06-16 17:15:35+00,bike,Intersection,,BLANDFORD MALL,COMMONWEALTH AVE,764133.28,2952529.66,42.34919861,-71.10059508
2022-06-17 08:55:41+00,bike,Street,TREMONT ST,CUFFLIN ST,PLAYSTEAD RD,744283.6,2953275.27,42.3516269,-71.17388609
2022-06-18 00:06:26+00,bike,Intersection,,LINCOLN ST,CAMBRIDGE ST,756685.23,2955477.73,42.35738061,-71.12810002
2022-06-21 08:00:50+00,bike,Intersection,,RUTHERFORD AVE,MAFFA WAY,771320.96,2965223,42.3839339,-71.07377121
2022-06-22 17:16:31+00,bike,Street,CONGRESS ST,ATLANTIC AVE,DORCHESTER AVE,777164.8,2953976.36,42.352811,-71.0527073
2022-06-24 20:23:44+00,bike,Intersection,,MAIN ST,OAK ST,772478.36,2963742.43,42.37985526,-71.06951498
2022-06-25 15:28:26+00,bike,Intersection,,CAUSEWAY ST,N WASHINGTON ST,775473.47,2959051.59,42.36694154,-71.05851973
2022-06-26 13:58:40+00,bike,Street,WILLIAM T MORRISSEY BLVD,VICTORY RD,WILLIAM T MORRISSEY BLVD,778780.31,2932565.8,42.29420952,-71.0472835
2022-06-29 17:40:46+00,bike,Intersection,,UNION ST,WINSHIP ST,750120.44,2951342.9,42.34611047,-71.15245058
2022-06-30 17:06:10+00,bike,Street,COLUMBIA RD,DUDLEY ST,ARION ST,773514.59,2940672.41,42.31642766,-71.06587765
2022-07-01 08:26:19+00,bike,Street,CAMBRIDGE ST,N HARVARD ST,LINCOLN ST,756948.03,2955688.64,42.3577702,-71.12700523
2022-07-02 19:49:09+00,bike,Street,WASHINGTON ST,MALCOLM X BLVD,GUILD ROW,768205.17,2944987.8,42.32860512,-71.08577978
2022-07-03 10:23:57+00,bike,Other,,,,780798.39,2959576.01,42.36830324,-71.0388054
2022-07-04 05:56:54+00,bike,Intersection,,GLEN RD,WASHINGTON ST,763127.52,2938040.13,42.30945159,-71.10456417
2022-07-04 18:06:08+00,bike,Intersection,,BEACON ST,CHARLESGATE E,766554.98,2952936.14,42.35028254,-71.09162933
2022-07-05 15:39:31+00,bike,Intersection,,CAMBRIDGE ST,SPICE ST,770891.98,2965093.68,42.38358492,-71.07536138
2022-07-06 17:02:59+00,bike,Street,BRACKETT ST,FANEUIL ST,WASHINGTON ST,746729.93,2953273.81,42.35146575,-71.16518474
2022-07-07 15:22:05+00,bike,Intersection,,DORCHESTER AVE,SAVIN HILL AVE,775931.11,2939390.88,42.31298548,-71.05720399
2022-07-07 20:13:25+00,bike,Street,COMMONWEALTH AVE,HARRY AGGANIS WAY,BUICK ST,760015.89,2953175.83,42.35100724,-71.11581935
2022-07-08 00:03:37+00,bike,Intersection,,LAWRENCE AVE,BLUE HILL AVE,769895.6,2939552.38,42.31351245,-71.07951531
2022-07-08 00:30:26+00,bike,Intersection,,AMERICAN LEGION HWY,BLUE HILL AVE,767885.27,2933934.35,42.29812323,-71.08704846
2022-07-08 19:03:43+00,bike,Street,BROOKS ST,GERRISH ST,BIGELOW ST,747341.36,2954610.46,42.35510742,-71.1626831
2022-07-10 02:52:29+00,bike,Street,COMMONWEALTH AVE,HARRY AGGANIS WAY,BABCOCK ST,759233.92,2953493.23,42.35156939,-71.11877779
2022-07-10 09:35:31+00,bike,Street,HOOD PARK DR,RUTHERFORD AVE,STACK ST,771482.4,2963664.95,42.37928689,-71.07427322
2022-07-13 12:10:53+00,bike,Intersection,,HUNTINGTON AVE,MASSACHUSETTS AVE,768353.16,2950235.9,42.34284918,-71.08502585
2022-07-14 12:55:39+00,bike,Street,HARVARD ST,PAXTON ST,DONALD RD,766955.83,2931664.19,42.29182543,-71.0903623
2022-07-17 14:36:59+00,bike,Street,WASHINGTON ST,GRANFIELD AVE,STELLMAN RD,757689.56,2930896.36,42.28978717,-71.12456234
2022-07-17 17:20:06+00,bike,Street,COMMONWEALTH AVE,SOUTH ST,CHESTNUT HILL DRWY,748932.45,2948738.52,42.33918086,-71.15674886
2022-07-18 16:15:13+00,bike,Intersection,,SOUTHAMPTON ST,FRONTAGE RD,775069,2945647.57,42.33016632,-71.0602721
2022-07-20 12:07:33+00,bike,Street,COMMONWEALTH AVE,HARRY AGGANIS WAY,BUICK ST,760015.89,2953175.83,42.35100724,-71.11581935
2022-07-21 20:45:44+00,bike,Intersection,,HAMPDEN ST,NORFOLK AVE,771086.61,2945237.64,42.32909685,-71.07500719
2022-07-22 22:17:32+00,bike,Street,MERIDIAN ST,WHITE ST,MARION ST,780587.46,2964171.44,42.38092036,-71.03926172
2022-07-26 16:48:09+00,bike,Intersection,,BATCHELDER ST,E COTTAGE ST,772671.23,2942467.64,42.32147405,-71.06919884
2022-07-27 17:18:56+00,bike,Intersection,,BEACON ST,MASSACHUSETTS AVE,767133.97,2953148.66,42.35085807,-71.08948367
2022-07-29 17:20:42+00,bike,Intersection,,G ST,COLUMBIA RD,779444.87,2945791.89,42.3304993,-71.04408658
2022-07-29 19:46:59+00,bike,Street,COMMONWEALTH AVE,BROOKLINE AVE,KENMORE ST,765621.53,2952295.9,42.34879221,-71.09510166
2022-07-30 00:34:13+00,bike,Street,WARREN ST,TABER ST,WASHINGTON ST,768876.69,2945636.81,42.33022239,-71.08317533
2022-07-30 02:20:27+00,bike,Intersection,,ALBANY ST,HERALD ST,774766.8,2951401.4,42.34595928,-71.06128024
2022-08-02 18:39:30+00,bike,Street,BOYLSTON ST,DARTMOUTH ST,CLARENDON ST,770659.03,2953092.32,42.3503675,-71.07630283
2022-08-02 21:59:28+00,bike,Intersection,,WALNUT AVE,SEAVER ST,765692.46,2939485.75,42.31338542,-71.09505632
2022-08-03 17:32:47+00,bike,Street,MASSACHUSETTS AVE,CLAPP ST,COLUMBIA RD,774698.85,2942322.02,42.32094593,-71.06192834
2022-08-04 11:18:49+00,bike,Street,THIRTEENTH ST,CHELSEA ST,FIFTH AVE,777088.19,2963350.39,42.37870766,-71.05246774
2022-08-05 22:35:45+00,bike,Intersection,,COLUMBIA RD,HAMILTON ST,771844.76,2938364.81,42.31022711,-71.07233091
2022-08-07 15:46:21+00,bike,Intersection,,CENTRE ST,GAY HEAD ST,762941.14,2942870.25,42.32270805,-71.10517055
2022-08-08 09:01:06+00,bike,Intersection,,CEDAR ST,CENTRE ST,765504.09,2944696.14,42.32768543,-71.09566144
2022-08-08 15:52:07+00,bike,Intersection,,AVERTON ST,WALWORTH ST,754299.13,2928243.61,42.28267697,-71.13735643
2022-08-09 18:29:03+00,bike,Intersection,,EDSON ST,MILTON AVE,770607.1,2928960.11,42.28443702,-71.07707894
2022-08-10 17:23:02+00,bike,Street,GENEVA AVE,WALDECK ST,VINSON ST,773906.55,2934405.87,42.29941719,-71.06469469
2022-08-11 11:10:16+00,bike,Street,COMMONWEALTH AVE,BUICK ST,ESSEX ST,760617.65,2953083.8,42.35074725,-71.11359462
2022-08-12 10:13:08+00,bike,Intersection,,HUNTINGTON AVE,MASSACHUSETTS AVE,768353.16,2950235.9,42.34284918,-71.08502585
2022-08-12 19:24:09+00,bike,Street,HUNTINGTON AVE,CASTLETON ST,PERKINS ST,761354.66,2942888.7,42.32273916,-71.11221723
2022-08-14 10:21:11+00,bike,Intersection,,CASTLE CT,E BERKELEY ST,772938.66,2950926.81,42.34468259,-71.06805158
2022-08-15 07:40:45+00,bike,Street,SOLDIERS FIELD RD,CAMBRIDGE ST,RAMP - WESTERN AVENUE TO SOLDI,759325.81,2956457.17,42.36010369,-71.11752421
2022-08-15 13:52:26+00,bike,Intersection,,SAWYER AVE,PLEASANT ST,775475.99,2939318.38,42.312793,-71.05888803
2022-08-16 08:33:57+00,bike,Intersection,,H ST,E THIRD ST,780114.12,2947948.15,42.3364063,-71.04156872
2022-08-16 22:43:57+00,bike,Intersection,,WASHINGTON ST,COMMONWEALTH AVE,752688.82,2950516.9,42.34381478,-71.14296264
2022-08-18 21:52:48+00,bike,Intersection,,N BEACON ST,MARKET ST,751012,2955014.41,42.3561752,-71.14909672
2022-08-19 13:36:41+00,bike,Intersection,,SAINT JAMES AVE,DARTMOUTH ST,770540.1,2952597.16,42.34929907,-71.07689323
2022-08-19 14:57:53+00,bike,Street,CLINTON ST,COMMERCIAL ST,NORTH ST,776510.55,2956865.91,42.36069389,-71.05468167
2022-08-19 15:50:05+00,bike,Intersection,,BOYLSTON ST,TREMONT ST,773874.3,2953738.16,42.35238395,-71.06453754
2022-08-22 11:42:54+00,bike,Street,HUNTINGTON AVE,CRAFTSON WAY,HEATH ST,761382.37,2945432.32,42.32969004,-71.11118387
2022-08-22 16:45:02+00,bike,Street,TREMONT ST,COLUMBUS AVE,TERRACE ST,765467.53,2946045.89,42.33158386,-71.09572237
2022-08-23 14:47:59+00,bike,Intersection,,FRANKLIN PARK RD,GLEN LN,767790.56,2935440.35,42.30225704,-71.0873716
2022-08-24 09:46:42+00,bike,Intersection,,SOUTHAMPTON ST,MELNEA CASS BLVD,771888.4,2946525.63,42.33262014,-71.07201819
2022-08-26 11:55:46+00,bike,Street,SARATOGA ST,ANNAVOY ST,BENNER ST,791875.72,2965104.3,42.38337657,-70.99764448
2022-08-27 16:03:42+00,bike,Intersection,,COLUMBIA RD,COLUMBIA TER,771608.67,2938153.63,42.30965087,-71.07320764
2022-08-27 18:58:05+00,bike,Street,JAMES J STORROW MEMORIAL DR,,,766940.68,2953558.42,42.35195533,-71.09018544
2022-08-28 13:22:14+00,bike,Street,BLUE HILL AVE,STANWOOD ST,WARREN ST,769456.35,2937977.25,42.30939983,-71.08261436
2022-08-28 18:24:17+00,bike,Intersection,,HUNTINGTON AVE,MASSACHUSETTS AVE,768353.16,2950235.9,42.34284918,-71.08502585
2022-08-29 19:55:17+00,bike,Intersection,,BUNKER HILL ST,MAIN ST,771871.87,2965058.25,42.38347425,-71.07173519
2022-08-29 20:21:42+00,bike,Intersection,,COLUMBIA RD,OLD HARBOR ST,778551.25,2945769.91,42.33045204,-71.04739178
2022-08-31 09:21:26+00,bike,Intersection,,WASHINGTON ST,BEXLEY RD,757281.89,2930256.36,42.28816477,-71.12630134
2022-09-01 14:35:52+00,bike,Intersection,,DEVONSHIRE ST,WATER ST,775814.05,2955642.41,42.35758185,-71.05732495
2022-09-02 00:57:06+00,bike,Street,BROADWAY ,PAGES CT,SHERMAN CT,777821.17,2948744.93,42.33843469,-71.05025594
2022-09-04 13:09:25+00,bike,Intersection,,EVERETT ST,SOLDIERS FIELD RD,754696.68,2958148.2,42.36473201,-71.13541496
2022-09-04 19:19:35+00,bike,Street,DEERING RD,BLUE HILL AVE,WELLINGTON HILL ST,765964.82,2928973.65,42.28467406,-71.09410423
2022-09-09 07:37:26+00,bike,Intersection,,BYNNER ST,S HUNTINGTON AVE,761008.93,2943315.27,42.32395353,-71.11230788
2022-09-09 13:35:50+00,bike,Intersection,,MARLBOROUGH ST,MASSACHUSETTS AVE,767240.22,2952859.41,42.35006296,-71.08909576
2022-09-10 07:54:03+00,bike,Intersection,,WASHINGTON ST,MELNEA CASS BLVD,769445.79,2946609.71,42.33288414,-71.08105019
2022-09-10 20:56:34+00,bike,Intersection,,BLUE HILL AVE,BABSON ST,766210.3,2926241.34,42.2770352,-71.09337521
2022-09-11 02:53:07+00,bike,Street,MASSACHUSETTS AVE,NAPA ST,SHIRLEY ST,773308.45,2944516.06,42.32698485,-71.0670234
2022-09-12 10:23:46+00,bike,Street,WESTERN AVE,EAST DR,HAGUE ST,758858.18,2957192.31,42.36397254,-71.12031704
2022-09-12 18:47:58+00,bike,Street,CHESTER ST,BRIGHTON AVE,GARDNER ST,756657.99,2953912.39,42.35308575,-71.12822701
2022-09-13 07:04:47+00,bike,Intersection,,PRENTISS ST,TREMONT ST,766377.05,2946618.9,42.33295016,-71.09239923
2022-09-13 08:06:02+00,bike,Intersection,,W FOURTH ST,FRONTAGE RD,774664.71,2950245.7,42.34278945,-71.06167984
2022-09-15 15:56:37+00,bike,Street,BORDER ST,WHITE ST,W EAGLE ST,780245.9,2964166.28,42.38093017,-71.04023902
2022-09-16 16:23:21+00,bike,Street,BLACKSTONE ST,HANOVER ST,CREEK SQ,776225.33,2957089.31,42.36138282,-71.05597515
2022-09-17 11:35:48+00,bike,Street,SOLDIERS FIELD RD,CAMBRIDGE ST,RAMP - WESTERN AVENUE TO SOLDI,759325.81,2956457.17,42.36010369,-71.11752421
2022-09-18 05:58:01+00,bike,Street,SECOND AVE,SIXTH ST,SEVENTH ST,776032.74,2961968.72,42.37512532,-71.05497121
2022-09-20 12:02:32+00,bike,Street,HUNTINGTON AVE,BYNNER ST,CASTLETON ST,761026.45,2943281.22,42.32385528,-71.11230175
2022-09-20 13:36:51+00,bike,Street,CENTRE ST,GREENOUGH AVE,SOUTH ST,760202.93,2938282.61,42.31008179,-71.11518773
2022-09-21 20:53:05+00,bike,Street,BEACON ST,MAITLAND ST,COMMONWEALTH AVE,764719.04,2952181.67,42.34840286,-71.09851863
2022-09-22 06:30:17+00,bike,Intersection,,BOWDOIN ST,OAKLEY ST,771939.29,2935101.62,42.30127145,-71.07204196
2022-09-24 11:14:30+00,bike,Intersection,,COMMONWEALTH AVE,MASSACHUSETTS AVE,767364.62,2952528.83,42.34915419,-71.08864146
2022-09-25 19:03:29+00,bike,Intersection,,FRANKLIN ST,LINCOLN ST,755377.01,2955326.41,42.35698093,-71.13294254
2022-09-26 20:54:24+00,bike,Street,HARVARD AVE,GLENVILLE AVE,COMMONWEALTH AVE,755885.51,2953155.91,42.3509469,-71.13131391
2022-09-28 13:20:52+00,bike,Intersection,,DUNBAR AVE,WASHINGTON ST,772202.29,2929706.86,42.28646429,-71.07117005
2022-09-28 19:17:39+00,bike,Intersection,,SPICE ST,CAMBRIDGE ST,770891.98,2965093.68,42.38358492,-71.07536138
2022-09-28 22:15:57+00,bike,Intersection,,BOYLSTON ST,CLARENDON ST,770995.35,2953105.16,42.35068682,-71.07519978
2022-09-29 17:26:16+00,bike,Intersection,,COMMONWEALTH AVE,MASSACHUSETTS AVE,767364.62,2952528.83,42.34915419,-71.08864146
2022-10-02 22:31:35+00,bike,Intersection,,N WASHINGTON ST,BEVERLY ST,775494.58,2958083.65,42.3642852,-71.05846016
2022-10-06 14:36:21+00,bike,Intersection,,CORNELL ST,WASHINGTON ST,754798.82,2927110.85,42.27956274,-71.13552776
2022-10-06 18:28:02+00,bike,Intersection,,BACK ST,FAIRFIELD ST,768386.05,2953970.96,42.35309786,-71.08483694
2022-10-07 14:11:43+00,bike,Intersection,,COLUMBIA RD,HAMILTON ST,771844.76,2938364.81,42.31022711,-71.07233091
2022-10-08 11:26:52+00,bike,Street,GARDENA ST,MARKET ST,GLENCOE ST,751105.14,2954213.41,42.35381086,-71.14884232
2022-10-09 11:38:00+00,bike,Intersection,,ABERDEEN ST,BEACON ST,763196.72,2951681.49,42.34688319,-71.10407425
2022-10-10 10:52:01+00,bike,Intersection,,SOUTHAMPTON ST,MASSACHUSETTS AVE,772110.1,2946423.01,42.33233549,-71.07120018
2022-10-12 11:16:10+00,bike,Intersection,,HUNTINGTON AVE,WAIT ST,762653.41,2946805.61,42.3335105,-71.10616731
2022-10-12 18:09:21+00,bike,Intersection,,SAINT ALPHONSUS ST,SMITH ST,764204.02,2947127.53,42.33437407,-71.10042701
2022-10-14 23:16:39+00,bike,Street,WASHINGTON ST,WOODSIDE AVE,GLEN RD,763121.47,2938137.06,42.30961608,-71.10439409
2022-10-15 18:56:00+00,bike,Intersection,,TREMONT ST,HUNTINGTON AVE,762992.17,2947005.24,42.33405399,-71.10491103
2022-10-15 21:13:55+00,bike,Street,TREMONT ST,TEMPLE PL,WEST ST,774287.83,2954806.94,42.35539327,-71.06313841
2022-10-16 12:47:43+00,bike,Intersection,,ATLANTIC AVE,COMMERCIAL WHRF E,777527.59,2957476.1,42.36258895,-71.05094954
2022-10-16 18:31:01+00,bike,Intersection,,WARREN ST,WALNUT AVE,769011.85,2943413.5,42.32411945,-71.08271287
2022-10-17 11:05:18+00,bike,Street,NEWTON ST,ALBANY ST,HARRISON AVE,772166.54,2947905.9,42.33651761,-71.07078828
2022-10-18 15:04:47+00,bike,Street,MERIDIAN ST,MERIDIAN ST,DEAD END,780411.11,2965002.9,42.38318159,-71.03930929
2022-10-18 18:38:04+00,bike,Street,WILLIAM J DAY BLVD,WILLIAM T MORRISSEY BLVD,BABE RUTH PARK DR,778131.55,2942877.8,42.32266629,-71.04933841
2022-10-18 19:24:24+00,bike,Street,BRIGHTON AVE,SAINT LUKES RD,FORDHAM RD,756999.51,2953755.91,42.35244899,-71.12701032
2022-10-20 06:55:08+00,bike,Intersection,,PREBLE ST,WARD ST,776700.8,2945318.89,42.32924117,-71.05424379
2022-10-20 09:06:00+00,bike,Street,NEWMARKET SQ,MASSACHUSETTS AVE,SOUTHAMPTON ST,773395.71,2944585.95,42.32718268,-71.06623298
2022-10-20 19:13:25+00,bike,Intersection,,AMORY ST,WILLIAMS ST,761909.79,2937293.09,42.30741707,-71.10907873
2022-10-21 16:06:24+00,bike,Intersection,,MALCOLM X BLVD,SHAWMUT AVE,768145.16,2945369.13,42.32949737,-71.08588262
2022-10-22 14:55:33+00,bike,Street,DORCHESTER AVE,LINCOLN ST,PARK ST,775041.49,2934382.65,42.29923417,-71.06045868
2022-10-22 21:24:19+00,bike,Street,BROADWAY ,DORCHESTER AVE,FOUNDRY ST,775922.9,2950344.63,42.3429646,-71.05724021
2022-10-27 14:56:18+00,bike,Street,SUDBURY ST,BULFINCH PL,CONGRESS ST,775120.61,2957169.31,42.36178937,-71.0598682
2022-10-28 06:31:45+00,bike,Intersection,,AMBROSE ST,ALBANY ST,770092.17,2945609.64,42.33013117,-71.07867794
2022-10-28 07:07:22+00,bike,Street,DUBOIS ST,PRESCOTT ST,ADAMS ST,770872.57,2944941.13,42.32841224,-71.07570643
2022-10-31 16:24:58+00,bike,Intersection,,ALLERTON ST,GERARD ST,771827.92,2945557.89,42.32996546,-71.07225981
2022-11-01 23:12:33+00,bike,Other,,,,780514.94,2929162.72,42.28485235,-71.0404606
2022-11-02 15:48:52+00,bike,Intersection,,ARBORWAY,CENTRE ST,758591.96,2937775.94,42.30878311,-71.12133631
2022-11-02 16:45:59+00,bike,Street,HAZLETON ST,HILLSBORO RD,WESTMORE RD,764861.97,2928144.83,42.2824364,-71.09825744
2022-11-05 06:56:24+00,bike,Intersection,,MELNEA CASS BLVD,MASSACHUSETTS AVE,771888.4,2946525.63,42.33262014,-71.07201819
2022-11-05 08:51:57+00,bike,Street,DARTMOUTH ST,STUART ST,COLUMBUS AVE,770760.54,2951685.9,42.34697145,-71.07584553
2022-11-07 15:18:38+00,bike,Intersection,,HUNTINGTON AVE,FRANCIS ST,762968.15,2947046.13,42.3341665,-71.10499917
2022-11-08 12:04:09+00,bike,Intersection,,HUNTINGTON AVE,S HUNTINGTON AVE,761056.54,2946262.09,42.33203914,-71.11208227
2022-11-09 19:08:15+00,bike,Intersection,,COMMONWEALTH AVE,BUICK ST,760034.3,2953249.94,42.35122675,-71.11574638
2022-11-10 17:59:46+00,bike,Intersection,,AVERTON ST,WALWORTH ST,754299.13,2928243.61,42.28267697,-71.13735643
2022-11-11 13:07:45+00,bike,Street,BOYLSTON ST,MASSACHUSETTS AVE,HEMENWAY ST,767221.29,2951825.52,42.34693591,-71.08904318
2022-11-15 11:04:22+00,bike,Street,SOUTHAMPTON ST,TOPEKA ST,CUMMINGS ST,773104.61,2946263.91,42.33161033,-71.06762449
2022-11-15 22:02:52+00,bike,Street,BOYLSTON ST,DARTMOUTH ST,CLARENDON ST,770445.88,2953011.09,42.35015483,-71.0770982
2022-11-19 11:40:40+00,bike,Intersection,,W NEWTON ST,COLUMBUS AVE,770104.35,2950382.79,42.34322869,-71.07854567
2022-11-20 20:41:05+00,bike,Intersection,,DEVONSHIRE ST,MILK ST,775822.05,2955339.66,42.35675099,-71.05730117
2022-11-23 12:02:15+00,bike,Intersection,,CUMMINS HWY,MOUNT CALVARY RD,760265.19,2926585.28,42.27805467,-71.11533708
2022-11-26 09:52:40+00,bike,Street,SOUTH ST,ROSEMARY ST,SPALDING ST,760458.86,2935996.07,42.30387114,-71.11466064
2022-11-28 19:30:32+00,bike,Street,HARVARD AVE,COMMONWEALTH AVE,BRAINERD RD,756045.5,2952517.83,42.34941361,-71.13023839
2022-11-30 07:25:38+00,bike,Intersection,,DUNMORE ST,DUDLEY ST,771004.89,2944167.21,42.32616067,-71.07532911
2022-12-01 07:53:01+00,bike,Intersection,,WALES ST,BLUE HILL AVE,767990.1,2934137.87,42.29868031,-71.08665733
2022-12-01 12:10:57+00,bike,Street,BLUE HILL AVE,PAXTON ST,WESTVIEW ST,767243.26,2931534.38,42.2914966,-71.08919153
2022-12-01 12:59:31+00,bike,Intersection,,AMERICAN LEGION HWY,BLUE HILL AVE,767885.27,2933934.35,42.29812323,-71.08704846
2022-12-03 01:44:40+00,bike,Intersection,,NORFOLK ST,TALBOT AVE,771952.86,2931082.36,42.29024218,-71.07206634
2022-12-03 21:07:08+00,bike,Intersection,,BROCK ST,WASHINGTON ST,747942.81,2952346.17,42.34888754,-71.16049111
2022-12-05 15:13:41+00,bike,Street,WASHINGTON ST,UNION PARK ST,PELHAM ST,772419.49,2949737.45,42.34123348,-71.06985091
2022-12-10 16:18:29+00,bike,Intersection,,W NEWTON ST,HUNTINGTON AVE,769216.85,2951183.15,42.34543689,-71.08181396
2022-12-13 09:24:52+00,bike,Other,,,,761386.69,2953555.45,42.35204825,-71.11073818
2022-12-14 18:03:18+00,bike,Street,BOYLSTON ST,GLOUCESTER ST,FAIRFIELD ST,768926.86,2952185.21,42.34855163,-71.08304573
2022-12-15 16:59:50+00,bike,Street,LONSDALE ST,ADAMS ST,FLORIDA ST,775677.75,2931376.08,42.291135,-71.05835786
2022-12-15 18:22:21+00,bike,Intersection,,COLUMBUS AVE,W NEWTON ST,770104.35,2950382.79,42.34322869,-71.07854567
2022-12-16 05:42:43+00,bike,Intersection,,CHARLES ST,CAMBRIDGE ST,772056.34,2957009.27,42.36138522,-71.07120218
2022-12-18 18:37:06+00,bike,Street,HUNTINGTON AVE,GAINSBOROUGH ST,PUBLIC ALLEY NO. 820,768093.71,2949752.5,42.34168263,-71.08616147
2022-12-22 14:18:34+00,bike,Street,GRANGER ST,CLAYTON ST,DUNCAN ST,775932.09,2935546.42,42.30254146,-71.05735181
2022-12-24 13:08:28+00,bike,Street,LAKE ST,KNOWLES ST,UNDINE RD,746398,2949679.26,42.34155698,-71.16601367
2022-12-30 14:21:01+00,bike,Intersection,,DOUGLASS PARK,COLUMBUS AVE,768600.45,2948701.55,42.33863557,-71.08413881
2022-12-30 15:12:37+00,bike,Street,HIGH ST,SALEM ST,SALEM STREET AVE,773465.67,2963037.15,42.3779856,-71.06576056
2022-12-30 18:31:58+00,bike,Intersection,,BLUE HILL AVE,DEVON ST,769346.79,2938576.88,42.31084304,-71.08156206
2023-01-03 21:08:26+00,bike,Street,HUNTINGTON AVE,CRAFTSON WAY,HEATH ST,761255.22,2945359.08,42.32960846,-71.11114913
2023-01-04 08:26:27+00,bike,Street,CENTRE ST,COLUMBUS AVE,LAMARTINE ST,764373.04,2942983.79,42.32276767,-71.09990398
2023-01-10 17:09:05+00,bike,Street,HEMENWAY ST,PUBLIC ALLEY NO. 901,NORWAY ST,767035.93,2951019.24,42.34497765,-71.0896304
2023-01-12 09:39:16+00,bike,Street,NONANTUM RD,BROOKS ST,DEAD END,745957.82,2955771.79,42.35797473,-71.16780151
2023-01-16 16:40:09+00,bike,Intersection,,AVENUE DE LAFAYETTE,WASHINGTON ST,774518.39,2954297.14,42.35390876,-71.06214414
2023-01-24 06:57:58+00,bike,Intersection,,A ST,IRON ST,777117.46,2951089.94,42.34507112,-71.05259099
2023-01-27 14:02:59+00,bike,Intersection,,CAMBRIDGE ST,BRIGHTON AVE,754388.61,2954078.33,42.35356777,-71.13661904
2023-01-29 14:02:47+00,bike,Intersection,,CAMBRIDGE ST,SPICE ST,770891.98,2965093.68,42.38358492,-71.07536138
2023-01-29 15:10:24+00,bike,Intersection,,E BROADWAY,L ST,781778.94,2947681.4,42.33564961,-71.03541672
2023-01-30 14:50:06+00,bike,Intersection,,MARLBOROUGH ST,MASSACHUSETTS AVE,767240.22,2952859.41,42.35006296,-71.08909576
2023-01-31 07:45:31+00,bike,Intersection,,MARLBOROUGH ST,MASSACHUSETTS AVE,767240.22,2952859.41,42.35006296,-71.08909576
2023-02-01 12:27:54+00,bike,Street,WALDEN ST,ROUND HILL ST,ARKLOW ST,763201.44,2943089.41,42.32331039,-71.10406296
2023-02-08 14:11:51+00,bike,Street,COMMONWEALTH AVE,BUICK ST,ESSEX ST,760511.46,2953100.03,42.3507931,-71.11398718
2023-02-10 14:40:59+00,bike,Intersection,,BEACON ST,ARLINGTON ST,771767.12,2954868.8,42.35551571,-71.072312
2023-02-13 17:43:32+00,bike,Street,BEACON ST,RALEIGH ST,COMMONWEALTH AVE,765492.72,2952637.22,42.34921271,-71.09540962
2023-02-15 08:37:34+00,bike,Street,WILLIAM T MORRISSEY BLVD,TOLMAN ST,CONLEY ST,778616.79,2931710.53,42.2918683,-71.04743745
2023-02-15 16:19:43+00,bike,Street,IMBARO RD,BUNKER ST,BEAL PL,754778.97,2914229.69,42.24434685,-71.13592148
2023-02-17 16:49:23+00,bike,Intersection,,A ST,MELCHER ST,777952.37,2952558.66,42.34908926,-71.04947394
2023-02-17 21:36:19+00,bike,Intersection,,SEAVER ST,WALNUT AVE,765692.46,2939485.75,42.31338542,-71.09505632
2023-02-20 11:26:56+00,bike,Intersection,,BEECH ST,WASHINGTON ST,754406.38,2926655.35,42.27831741,-71.13698508
2023-02-20 15:22:54+00,bike,Intersection,,COLUMBUS AVE,NORTHAMPTON ST,769036.11,2949215.42,42.34003981,-71.08251815
2023-02-20 20:32:51+00,bike,Intersection,,MASSACHUSETTS AVE,SAINT BOTOLPH ST,768614.03,2950001.96,42.34220376,-71.08406513
2023-02-24 15:20:28+00,bike,Intersection,,TOPEKA ST,SOUTHAMPTON ST,772981.55,2946195.14,42.33169814,-71.06798157
