start station name,Average trip duration,station latitude,station longitude,bikes leaving
1200 Beacon St,872.6114649681529,42.34414899,-71.11467361,314
160 Arsenal,2739.2631578947367,42.36466403,-71.17569387,38
175 N Harvard St,980.1986531986532,42.363796,-71.129164,594
191 Beacon St,659.0470347648262,42.38032335,-71.10878613,489
30 Dane St,875.882911392405,42.38100143,-71.10402523,632
359 Broadway - Broadway at Fayette Street,727.4353499406881,42.370803,-71.104412,843
515 Somerville Ave (Temp. Winter Location),1067.191135734072,42.38322727,-71.10606909,361
555 Metropolitan Ave,11617.25,42.2681,-71.11924,4
606 American Legion Hwy at Canterbury St,1172.1818181818182,42.28578,-71.109725,11
645 Summer St,880.3584905660377,42.34178089,-71.03987017,106
699 Mt Auburn St,2003.8583690987125,42.37500235,-71.14871614,233
7 Acre Park,12737.9,42.41143223,-71.06823265,40
700 Commonwealth Ave.,725.5177570093458,42.34960945,-71.10391524,535
700 Huron Ave,2186.2613636363635,42.38078817,-71.15412891,88
75 Binney St,738.4258289703316,42.36550729,-71.0801376,573
84 Cambridgepark Dr,1271.8813559322034,42.3936,-71.14394099999998,118
855 Broadway,19518.823529411766,42.39841773,-71.02390923,51
955 Mass Ave,1327.9899193548388,42.36895181,-71.1099878,992
Airport T Stop - Bremen St at Brooks St,963.8478260869565,42.37410288,-71.03276432,46
Albany St at E. Brookline St,827.3817330210773,42.33664795,-71.0689446,427
Alewife MBTA at Steel Place,731.4763231197771,42.39558846,-71.14260614,359
Alewife Station at Russell Field,1149.983870967742,42.396105,-71.139459,186
American Legion Hwy at Cummins Hwy,1151.2,42.27881158,-71.11687703,5
Ames St at Broadway,685.3029612756264,42.3636929,-71.0875672,878
Ames St at Main St,694.9820205479452,42.3625,-71.08822,1168
Aquarium T Stop - 200 Atlantic Ave,1001.8723404255319,42.35991176,-71.05142981,564
Arsenal Yards,1758.06432748538,42.36277389,-71.15764854,171
Ashmont T Stop,758.3541666666666,42.2856944,-71.0641389,48
Assembly Square T,1033.8163265306123,42.39223284,-71.07746601,98
Auburndale,1536.5,42.34805541,-71.24775946,2
B.U. Central - 725 Comm. Ave.,1292.2128801431127,42.350406,-71.108279,559
Back Bay T Stop - Dartmouth St at Stuart St,808.013251783894,42.34807412,-71.07657015,981
Bacon St at Washington St,1408.7857142857142,42.35711921,-71.18604537,14
Bartlett St at John Elliot Sq,980.6300578034682,42.3294633,-71.0901582,173
Beacon St at Tappan St,1009.7621621621622,42.3382668,-71.13894682,185
Beacon at Walnut,263.5,42.33006232,-71.20668411,4
Belgrade Ave at Walworth St,1122.2727272727273,42.28634589,-71.1367213,22
Bellingham Square,748.8333333333334,42.39319611,-71.0334456,6
Bennington St at Byron St,1894.1666666666667,42.38353252,-71.01619095,36
Bennington St at Constitution Beach,1423.8461538461538,42.38522394000001,-71.01063069,13
Berkshire Street at Cambridge Street,740.5329268292683,42.37207658,-71.08995434,820
Binney St / Sixth St,580.0127388535032,42.36608797,-71.08633604,314
Blue Hill Ave at Almont St,1684.6666666666667,42.27462067,-71.09372552,3
Blue Hill Ave at Havelock St,2071.0,42.28601199999999,-71.090986,7
Boston City Hall - 28 State St,825.9812646370024,42.35892,-71.057629,854
Boston College T,945.8,42.33987892,-71.16708934,15
Boston Convention and Exhibition Center - Summer St at West Side Dr,996.361581920904,42.34776345,-71.04535997,177
Boston East - 126 Border St,213.1891891891892,42.37331213,-71.04102008,37
Boston Landing,1449.2093023255813,42.35656092,-71.14167538,129
Bowdoin St at Quincy St,1814.3239436619717,42.30785224,-71.06512249,71
Boylston St at Berkeley St,1767.6056105610562,42.35114198,-71.07329249,606
Boylston St at Charles St (Temp Winter Location),1054.4337662337662,42.35258525,-71.06770277,385
Boylston St at Exeter St,3234.9731993299833,42.34958942,-71.07946779,597
Boylston St at Fairfield St,1032.2444444444445,42.34880382,-71.08236909,1260
Boylston St at Jersey St,985.9958805355304,42.34465063,-71.09732501,971
Boylston St at Massachusetts Ave,1262.7318327974276,42.34740621,-71.08678415,1555
Brigham Circle - Francis St at Huntington Ave,831.046370967742,42.33462893,-71.10407918,496
Brighton Center - Washington St at Cambridge St,922.1333333333333,42.34894857,-71.15027189,285
Brighton Mills - 370 Western Ave,5944.723463687151,42.36154571,-71.13776207,358
Broad Canal Way at Third Street,715.9635627530364,42.3630455,-71.08287079,247
Broadway Opposite Norwood Ave  (Temp Winter Station),837.0,42.396764,-71.102376,39
Broadway St at Mt Pleasant St,729.9404255319149,42.38614141,-71.07828139999998,235
Broadway at Beacham St,1306.9767441860465,42.3983606,-71.06373843,43
Broadway at Central St,872.2410714285714,42.3951715,-71.09850592,224
Broadway at Gerrish Ave,2561.4166666666665,42.39453079,-71.03085594,12
Broadway at Lynde St,1477.6363636363637,42.39648358,-71.0654676,44
Broadway at Maple St,578.4,42.41034691,-71.05260458,20
Brookline Town Hall,1453.093023255814,42.33376473,-71.12046447,172
Brookline Village - Station Street at MBTA,1003.3270440251572,42.33274392,-71.11626681,318
Bunker Hill Community College,837.9299065420561,42.37408991,-71.06905997,214
California at Chapel,1820.8125,42.36514871,-71.20236039,16
Cambridge Crossing at North First Street,959.5020202020202,42.371141,-71.076198,990
Cambridge Dept. of Public Works -147 Hampshire St.,761.1005110732539,42.37119728,-71.09759867,587
Cambridge Main Library at Broadway / Trowbridge St,776.7997542997543,42.37337899999999,-71.111075,814
Cambridge St - at Columbia St / Webster Ave,785.2018018018018,42.372969,-71.094445,555
Cambridge St at Joy St,2455.75429726997,42.36125722,-71.06528744,989
CambridgeSide Galleria - CambridgeSide PL at Land Blvd,763.204081632653,42.36707407,-71.07679278,441
Cary Square,432.0,42.39813565,-71.03070972,10
Central Sq Post Office / Cambridge City Hall at Mass Ave / Pleasant St,1162.9737489745694,42.366426,-71.105495,1219
Central Square East Boston,595.2222222222222,42.37544913,-71.03918549,99
Central Square at Mass Ave / Essex St,785.6098360655737,42.36507,-71.1031,3050
Centre St at Commonwealth Ave,1184.6666666666667,42.3362358,-71.1934421,9
Centre St at Parkway YMCA,2918.090909090909,42.28277901,-71.15728851,11
Centre St at W. Roxbury Post Office,1030.0,42.28633199,-71.15344755,17
Centre St at Washington St,2365.0,42.35574335,-71.18641943,6
Charles Circle - Charles St at Cambridge St,906.2677329624479,42.36079297,-71.07118962,1438
Charlestown Navy Yard,1664.7401774397972,42.37412455,-71.054812,789
Chelsea Square,1867.4444444444443,42.39022671,-71.03857018,9
Chelsea St at Vine St,1021.578947368421,42.40328057,-71.0476264,57
Chelsea Station,5541.846153846154,42.39636528,-71.03987179,39
Child Street at Brian P. Murphy Staircase,959.6408602150537,42.37197678,-71.07200496,465
Chinatown Gate Plaza,2007.4860813704497,42.351356,-71.059367,467
Chinatown T Stop,1184.12,42.352408999999994,-71.062679,800
Christian Science Plaza - Massachusetts Ave at Westland Ave,1048.3080771979985,42.34366582,-71.08582377,1399
Circuit Drive at American Legion Hwy,1414.4347826086957,42.29704126,-71.09171927,23
Cleary Sq,1855.5,42.2556,-71.12444,2
Cleveland Circle,3005.1369047619046,42.33554308,-71.1506152,168
Clinton St at North St,12217.467032967033,42.36070284,-71.05524927,182
Codman Square Library,1721.1935483870968,42.2873611,-71.071111,31
Colleges of the Fenway - Fenway at Avenue Louis Pasteur,8380.672289156626,42.34011512,-71.10061884,415
Columbia Rd at Ceylon St,1437.55,42.309572,-71.0729,20
Columbia Rd at Tierney Community Center,2874.3888888888887,42.330230709999995,-71.05060093,108
Columbus Ave at W. Canton St,719.8226351351351,42.34474225,-71.07648162,592
Commonwealth Ave At Babcock St,902.4639423076923,42.35154735,-71.12126246,416
Commonwealth Ave at Agganis Way,882.3593618807724,42.35169202,-71.11903489,1191
Commonwealth Ave at Chiswick Rd,1575.1530612244899,42.34024645,-71.15168806,98
Commonwealth Ave at Griggs St,965.7634854771784,42.34922469,-71.13275303,482
Commonwealth Ave at Kelton St,983.678391959799,42.34835863,-71.13997217,398
Community Life Center,1438.0,42.520136,-70.906271,1
Community Path at Cedar Street,662.139880952381,42.39407224,-71.11133695,336
Community Path at Lowell St,848.0150943396227,42.392525,-71.105587,265
Concord Ave at Spinelli Place,1360.3947368421052,42.390719,-71.1538877,38
Congress St at Boston City Hall,1322.6654275092937,42.36041775,-71.05752244,269
Congress St at Northern Ave,813.7228260869565,42.3481,-71.03764,368
Conway Park - Somerville Avenue,817.5770750988142,42.38363895,-71.10853671999999,253
Conway Park @ Bleachery Ct (Temp Winter Station),804.7807692307692,42.3834575,-71.1077106,260
Coolidge Corner - Beacon St at Centre St,1162.9175946547884,42.341598,-71.123338,449
Coolidge Sq.,9874.166666666666,42.37207611,-71.15683131,48
Copley Square - Dartmouth St at Boylston St,1273.0770659238626,42.34992828,-71.07739207,1077
Cross St at Hanover St,3623.6458087367178,42.362811,-71.056067,847
Curtis Hall - South St at Centre St,1373.7163120567375,42.309054,-71.11543,141
Cypress St at Clark Playground,1167.358208955224,42.32784317,-71.12536222,134
Dana Park,743.4138418079096,42.36178044,-71.10809952,708
Danehy Park,862.7832167832167,42.388966,-71.132788,143
Danehy Park at New Street,2395.0714285714284,42.389456,-71.139019,112
Dartmouth St at Newbury St,1133.796472184532,42.35096144,-71.07782811,737
Davis Square,1730.7922971114167,42.396969,-71.123024,727
Day Sq,911.0540540540541,42.379295,-71.027733,37
Deerfield St at Commonwealth Ave,1007.1059850374065,42.34924377,-71.0972821,802
Discovery Park - 30 Acorn Park Drive,911.995951417004,42.39790817,-71.14797131,247
Dorchester Ave at Gillette Park,2868.6944444444443,42.34404051,-71.05737627,252
Dudley Square - Bolling Building,946.5026455026455,42.32984299,-71.08386572,189
EF - North Point Park,893.7256637168142,42.369885,-71.069957,678
East Boston Neighborhood Health Center - 20 Maverick Square,369.02564102564105,42.369536,-71.039431,78
East Somerville Library (Broadway and Illinois),791.1904761904761,42.38762811,-71.08318716,84
Edgerly Education Center,1190.3516483516485,42.38717463,-71.08714389,182
Edwards Playground - Main St at Eden St,1167.4342105263158,42.378965,-71.068607,152
Egleston Square - Atherton St at Washington St,1071.7380952380952,42.315692,-71.098634,42
Encore,1304.0185185185185,42.39329263,-71.0724476,54
Essex St at Dalton Parkway,69565.64705882352,42.516223,-70.905535,17
Everett Square (Broadway at Chelsea St),3555.2727272727275,42.40743489,-71.05533242,22
Fan Pier,2836.25652173913,42.35339051,-71.0445714,230
Faneuil St at Arlington St,20655.418604651164,42.35276621,-71.15988486,43
Farragut Rd at E. 6th St,1164.5116279069769,42.3334,-71.02495,86
Flat 9 at Whittier,2092.74358974359,42.33420351,-71.08767617,39
Foley St at Grand Union Blvd,955.59375,42.3930184,-71.08071685,128
Forest Hills,3337.508108108108,42.300923,-71.114249,185
Forest River Park,1413.2,42.506395,-70.88693,5
Forsyth St at Huntington Ave,864.0796139927623,42.339202,-71.090511,1658
Foss Park,1129.9106145251396,42.39108438,-71.09039426,179
Four Corners - 157 Washington St,1523.55,42.30412793,-71.07929528,20
Franklin Park - Seaver St at Humboldt Ave,1187.925,42.309796,-71.092225,40
Franklin Park Zoo - Franklin Park Rd at Blue Hill Ave,1366.9333333333334,42.303469,-71.085347,15
Fresh Pond Reservation,32075.863636363636,42.38267828,-71.14347895,66
Galileo Galilei Way at Fulkerson St/Binney St,911.7894736842105,42.3664204,-71.0885418,323
Galileo Galilei Way at Main Street,573.1771771771772,42.36300378,-71.08974038,666
Gallivan Blvd at Adams St,1470.2727272727273,42.28297568,-71.05466698,11
Geiger Gibson Community Health Center,10012.222222222223,42.31886468,-71.04536798,90
Gilman Square T at Medford St,964.2674418604652,42.3867355,-71.0946444,86
Glendale Square (Ferry St at Broadway),4021.8387096774195,42.41427294,-71.04479656,31
Goodhue St at Grove St,323.0,42.520897,-70.910528,1
Gore Street at Lambert Street,692.2865779927448,42.3730798,-71.08634234,827
Gove St at Orleans St,448.35714285714283,42.37057753,-71.0355854,42
Government Center - Cambridge St at Court St,1126.192700729927,42.3598254,-71.05979576,685
Graham and Parks School â€“ Linnaean St at Walker St,917.2767857142857,42.3829443,-71.12449831,336
Gramsdorf Playground,1152.551724137931,42.408156000000005,-71.0429,29
Green Street T Stop - Green St at Amory St,1082.3731343283582,42.31057899999999,-71.107341,201
Grove Hall Library - 41 Geneva Ave,4402.2,42.30791,-71.080952,15
Grove St at Community Path,728.798353909465,42.39638681,-71.12011306,486
HMS/HSPH - Avenue Louis Pasteur at Longwood Ave,888.3189771197847,42.33741748,-71.10286117,743
Harrison Ave at Bennet St,728.6666666666666,42.3494261,-71.0620996,468
Harrison Ave at E. Dedham St,801.0268817204301,42.339194,-71.06975,372
Harrison Ave at Mullins Way,764.9756097560976,42.34521562,-71.06384031,738
Harvard Ave at Brainerd Rd,906.953744493392,42.34953017,-71.13022771,454
Harvard Kennedy School at Bennett St / Eliot St,842.2641791044776,42.3722168,-71.12188071,670
Harvard Law School at Mass Ave / Jarvis St,816.3313253012049,42.379011,-71.119945,830
Harvard Square at Brattle St / Eliot St,1107.5315203955502,42.3733288,-71.12098601,809
Harvard Square at Mass Ave/ Dunster,1026.5814910025706,42.373268,-71.118579,1945
Harvard St and Stedman St,735.3562005277045,42.34435176,-71.12490356,379
Harvard St at Greene-Rose Heritage Park,732.2330578512397,42.36599433,-71.09522222,605
Harvard Stadium: N. Harvard St at Soldiers Field Rd,1188.1139455782313,42.368019,-71.1242,588
Harvard University / SEAS Cruft-Pierce Halls at 29 Oxford St,1590.6169950738915,42.377945,-71.116865,812
Harvard University Gund Hall at Quincy St / Kirkland St,2405.293394777266,42.376369,-71.114025,651
Harvard University Housing - 115 Putnam Ave at Peabody Terrace,707.7446102819238,42.366621,-71.114214,603
Harvard University Radcliffe Quadrangle at Shepard St / Garden St,998.5009345794392,42.380287,-71.125107,535
Harvard University River Houses at DeWolfe St / Cowperthwaite St,778.9941037735849,42.36923907,-71.11687034,848
Hawthorne Boulevard,1893.842105263158,42.5223714,-70.8903331,19
High St at Cypress St,1255.5142857142857,42.32464511,-71.12135231,70
Honan Library,1021.2347266881029,42.3602737,-71.12852452,311
Hood Park,986.7741935483871,42.38004535,-71.07304573,62
Huntington Ave at Mass Art,1228.6791443850268,42.33658555,-71.09886996,374
Huron Ave At Vassal Lane,1174.311224489796,42.38165061,-71.13426981,196
Hyde Park Ave at Walk Hill St,1244.2571428571428,42.29606705,-71.116012,35
Hyde Park Library,1725.5,42.2568376,-71.122509,2
Hyde Square - Barbara St at Centre St,904.3677419354839,42.32176526,-71.10984161,310
ID Building East,831.9444444444445,42.344827,-71.028664,162
ID Building West,776.6842105263158,42.344796,-71.031614,247
Ink Block - Harrison Ave at Herald St,2550.9592760180994,42.34590099999999,-71.063187,442
Inman Square at Springfield St.,976.5230460921844,42.37426714,-71.10026479,998
Innovation Lab - 125 Western Ave at Batten Way,1530.1775,42.36371276,-71.12459779,400
JFK Crossing at Harvard St. / Thorndike St.,784.2541436464088,42.34655124,-71.12833211,181
JFK/UMass T Stop,822.0,42.32033974,-71.05118036,102
Jackson Square T Stop,889.2761904761904,42.32293117,-71.10014141,315
Jamaica St at South St,1420.8524590163934,42.30604563,-71.11570891,61
John Ahern Field at Kennedy-Longfellow School,820.6025641025641,42.36903567,-71.0863096,234
Kearins Playground,879.0,42.40616124,-71.06041655,2
Kendall Street,677.090625,42.36356016,-71.08216792,320
Kendall T,643.6316287878788,42.36242784,-71.08495474,1056
Kenmore Square,1779.8362235067436,42.348706,-71.097009,519
Kennedy-Longfellow School 158 Spring St,676.8185328185328,42.36955298,-71.08579015,777
Lafayette Square at Mass Ave / Main St / Columbia St,731.7130509939499,42.36346469,-71.10057324,1157
Lafayette at Leach St,7347.071428571428,42.51142784,-70.89183301,14
Landmark Center - Brookline Ave at Park Dr,1184.6587366694012,42.34369056,-71.10235287,1219
Langley Lot,5199.0,42.330528,-71.192861,2
Lansdowne T Stop,1066.709090909091,42.34734473,-71.10016808,605
Lesley University,699.4702842377261,42.38674802,-71.11901879,387
Lewis Wharf at Atlantic Ave,1408.454806312769,42.363871,-71.050877,697
Linear Park - Mass. Ave. at Cameron Ave. ,696.4326424870467,42.397828,-71.130516,386
Linwood St at Minuteman Bikeway,962.6390532544378,42.40935396,-71.14906519,169
Longwood Ave at Binney St,1003.0446533490011,42.338629,-71.1065,851
Lower Cambridgeport at Magazine St / Riverside Rd,1131.5331069609508,42.3572185,-71.11387163,1178
MIT Carleton St at Amherst St,714.8040935672515,42.36054174,-71.08669817,1026
MIT Hayward St at Amherst St,696.3261363636364,42.36085937,-71.08551858,880
MIT Pacific St at Purrington St,669.7016848364717,42.3595732,-71.10129476,2018
MIT Stata Center at Vassar St / Main St,599.3372093023256,42.36213123,-71.09115601,1548
MIT Vassar St,669.9187227866473,42.35560121,-71.10394478,2067
MIT at Mass Ave / Amherst St,832.2802898550725,42.3581,-71.093198,3450
MLK Blvd at Washington St,1057.1354166666667,42.32143814,-71.09126061,96
Magoun Square at Trum Field,864.2020202020202,42.3977834,-71.10594004,99
Main St at Austin St,865.7228464419476,42.375603,-71.064608,267
Main St at Baldwin St,719.6315789473684,42.380857,-71.070629,190
Main St at Brooks Park,965.6666666666666,42.411709,-71.110444,30
Main St at Thompson Sq,804.472972972973,42.37487847,-71.06383499,222
Main Street/Albany Street/Technology Square,1004.8707799767171,42.3629016,-71.0915669,859
Malden Center T Station,4291.833333333333,42.426541,-71.073179,60
Malden High School,3591.969696969697,42.42653766,-71.06393695,33
Marion St at Harvard St,1271.5403846153847,42.34012243,-71.12070564,520
Martha Eliot Health Center,883.7373737373738,42.324173,-71.10196,99
Mass Ave T Station,2543.8946515397083,42.34135616,-71.08336953,617
Mass Ave at Albany St,646.44343575419,42.36135838,-71.09670274,1432
Mass Ave at Hadley/Walden,864.7790262172284,42.39120972,-71.12260755,267
Mattapan Library,4882.5,42.2773889,-71.09325,2
Mattapan T Stop,2188.3333333333335,42.267902,-71.093641,6
Maverick Square - Lewis Mall,956.9263157894737,42.36884408,-71.03977829,95
Maverick St at Massport Path,1493.6097560975609,42.36774122,-71.03335975,41
Mayor Salvo Path at Mill St,1519.84375,42.5180352,-70.89570075,32
Medford Sq - Riverside Ave at River St,7496.921052631579,42.417724,-71.108102,38
Medford St at Charlestown BCYF,3392.080459770115,42.38042947,-71.06055722,174
Morton St at Gallivan Blvd,2259.0,42.278747,-71.080286,4
Mt Auburn,1039.1178707224335,42.37478629,-71.13320231,263
Mugar Way at Beacon St,1609.690159574468,42.35553628,-71.0728687,752
Murphy Skating Rink - 1880 Day Blvd,2611.657142857143,42.336448000000004,-71.023739,105
Museum of Science,1207.0714285714287,42.367690180000004,-71.07116282,196
NCAAA - Walnut Ave at Crawford St,1885.9615384615386,42.316902,-71.091946,26
Nashua Street at Red Auerbach Way,1600.5381526104418,42.365673,-71.064263,996
New Balance - 20 Guest St,6085.034722222223,42.35732922,-71.1467354,144
Newmarket Square T Stop - Massachusetts Ave at Newmarket Square,3591.589928057554,42.326599,-71.066498,139
Newton Highlands T,953.9090909090909,42.32206566,-71.20637298,11
Newton Library,2158.0,42.33620337,-71.20779455,1
Nichols Ave. at Watertown Greenway,1192.68,42.36762049,-71.15656637,100
Nonantum Library,512.2222222222222,42.36068456,-71.201462,9
North St at Liberty Hill Ave,912.5,42.52989965,-70.90614259,2
Northern Strand at Main St,1298.2238805970148,42.42386,-71.067793,67
Oak Square - 615 Washington St,1091.384,42.35057,-71.166491,125
Old Morse Park at Putnam Ave,681.8018867924528,42.35766248,-71.10841334,742
One Beacon St,976.4619047619047,42.35847764,-71.0613513,210
One Brigham Circle,794.5916870415648,42.3339227,-71.10446509,409
One Broadway / Kendall Sq at Main St / 3rd St,1087.2941176470588,42.36224179,-71.08311072,680
One Kendall Square at Hampshire St / Portland St,745.886511627907,42.366277,-71.09169,1075
One Memorial Drive,804.7378917378917,42.36161932,-71.08043551,351
Orient Heights T Stop - Bennington St at Saratoga St,1968.5428571428572,42.386781,-71.006098,35
Orr Sq (Shirley Ave),2018.0,42.40715656,-70.9927243,23
Packard Ave at Powderhouse Blvd,2895.710843373494,42.40449,-71.123413,166
Packard's Corner - Commonwealth Ave at Brighton Ave,1032.2807991120976,42.352261,-71.123831,901
Park Dr at Buswell St,852.6527093596059,42.347241,-71.105301,406
Park Plaza at Charles St S.,770.3820598006645,42.35182807,-71.06781138,301
Perry Park,868.1388888888889,42.37927325,-71.10341903,612
Pier 4 Blvd at Autumn Ln,719.0321100917431,42.3502102,-71.0446705,218
Porter Square Station,718.6258741258741,42.387995,-71.119084,858
Porzio Park,2276.92,42.36411904,-71.02876782,50
Powder House Circle - Nathan Tufts Park,2594.157894736842,42.400877,-71.116772,190
Prudential Center - 101 Huntington Ave,2068.9649941656944,42.34652004,-71.08065777,857
Purchase St at Pearl St,2037.0714285714287,42.354659,-71.053181,518
Railroad Lot and Minuteman Bikeway,2063.6521739130435,42.41606457,-71.15336637,138
Raymond Park at Walden St,705.6217616580311,42.38736954,-71.12761001,193
Revere City Hall,983.75,42.40741,-71.0139,4
Revere Public Library,2082.1666666666665,42.408088,-71.008942,6
Rindge Avenue - O'Neill Library,1272.6369047619048,42.392766,-71.129042,168
Rogers St & Land Blvd,974.5942028985507,42.36644674,-71.07654601,207
Roseland St At Dorchester Ave,482.06666666666666,42.29116853,-71.06300889999999,15
Roslindale Village - South St,55901.75,42.287072,-71.127754,20
Roslindale Village - Washington St,1738.88,42.28630716,-71.12820532,25
Ross Playground,961.0,42.2645666,-71.1145523,1
Rowes Wharf at Atlantic Ave,680.1205673758865,42.357143,-71.050699,423
Roxbury Crossing T Stop - Columbus Ave at Tremont St,637.1662049861496,42.331184,-71.095171,722
Roxbury YMCA - Warren St at MLK Blvd,2993.8732394366198,42.31787329,-71.08243078,71
Ruggles T Stop - Columbus Ave at Melnea Cass Blvd,762.0134615384616,42.33624445,-71.08798563,1040
S Huntington Ave at Heath St,803.2215189873418,42.32760387,-71.1108917,158
Salem MBTA - Lower Level,736.1,42.523994,-70.89684,10
Salem MBTA - Washington at Federal St,2912.754716981132,42.52345239,-70.89611113,53
Salem State University - Bike Path at Loring Ave,16179.354838709678,42.50182399,-70.89478076000002,31
Salem State University - North Campus,993.75,42.503332,-70.891444,20
Savin Hill T Stop - S Sydney St at Bay St,1889.6571428571428,42.3106,-71.0539,35
Seaport Blvd at Sleeper St,2286.630662020906,42.35317809,-71.04817357,861
Seaport Hotel - Congress St at Seaport Ln,1287.8614232209738,42.34881026,-71.04167744,267
Seaport Square - Seaport Blvd at Northern Ave,817.6076555023924,42.351481930000006,-71.04436085,418
Sennott Park Broadway at Norfolk Street,663.9276649746192,42.36860524,-71.09930186,788
Shawmut Ave at Lenox St,724.2333333333333,42.33584613,-71.08038157,60
Shawmut Ave at Oak St W,5250.710601719197,42.34854543,-71.06559185,349
Shawmut T Stop,8995.23076923077,42.292917,-71.06575,39
Shetland Park - Congress at Peabody St,17345.133333333335,42.51836788,-70.88952363,15
Sidney Research Campus/Erie Street at Waverly,687.8771929824561,42.35775309,-71.10393405,513
Silber Way,915.937106918239,42.349496,-71.10057592,636
Smith Pl at Wilson Rd,1124.9540229885058,42.39239749,-71.15058332,87
Soldiers Field Park - 111 Western Ave,1153.1654320987655,42.36426344,-71.1182757,405
Somerville City Hall,889.1984732824427,42.386844,-71.09812,262
Somerville High School & Central Library,764.7452830188679,42.3864,-71.09601,106
South Boston Library - 646 E Broadway,995.7363896848137,42.335741,-71.03877,349
South End Library - Tremont St at W Newton St,695.3050505050505,42.341332,-71.076847,495
South Station - 700 Atlantic Ave,1761.83984375,42.352175,-71.055547,1280
Spaulding Rehabilitation Hospital - Charlestown Navy Yard,4005.268765133172,42.37833799999999,-71.048927,413
Spring St at Powell St,2032.3636363636363,42.27748444,-71.16341468,22
St Mary's,915.4491315136477,42.34619708,-71.10728681,403
St. Alphonsus St at Tremont St,1908.2017353579176,42.33329255000001,-71.10124648,461
State Street at Channel Center,688.3554913294797,42.344137,-71.052608,346
Stony Brook T Stop,1003.6794425087108,42.316966,-71.104374,287
Stuart St at Berkeley St,1686.990909090909,42.34954403,-71.07242074,550
Stuart St at Charles St,1829.3296089385474,42.351146,-71.066289,358
Sullivan Square,10746.527131782947,42.38445226,-71.07514855,129
Sumner St at Shirley Ave,1634.3076923076924,42.40833706,-70.99804848,13
Surface Rd at India St,973.0272536687631,42.358155,-71.052163,477
Surface Rd at Summer St,821.9437819420783,42.3529457,-71.05656401,587
Swan St. Park,1128.4074074074074,42.41250451,-71.05842225,27
Sydney St at Carson St,24754.978260869564,42.32039374,-71.05355408,92
Talbot Ave At Blue Hill Ave,1557.0625,42.2945833,-71.087111,16
Tappan St at Brookline Hills MBTA,1066.0879120879122,42.33137017,-71.12688361,91
Teele Square,1916.7281553398059,42.4008795,-71.12590793,206
The Dimock Center,1128.344827586207,42.31930943,-71.09639924,29
The Eddy - New St at Sumner St,298.1621621621622,42.370744,-71.044201,37
The Lawn on D,822.9308755760369,42.344792,-71.044024,217
The Overlook at St. Gabriel's,1107.970802919708,42.34679008,-71.14549814,137
Third at Binney,809.7661431064572,42.36544486,-71.08277142,573
Thorndike Field at Minuteman Bikeway,1110.1592920353983,42.40016805,-71.14456963,113
Tremont St at E Berkeley St,840.2378048780488,42.345392,-71.069616,656
Tremont St at Hamilton Pl,970.9833531510106,42.35668335,-71.06166646,841
Tremont St at Northampton St,894.2930327868852,42.3384318,-71.08169050000001,488
Tremont St at W. Dedham St,692.2831858407079,42.34254914,-71.07421449,452
Tremont St at West St,1330.6546391752577,42.354979,-71.063348,582
Troy Boston,522.8979591836735,42.343749,-71.062256,294
Trum Field @ Cedar St (Temp Winter Station),791.6447368421053,42.398444,-71.107833,76
Tufts Sq - Main St at Medford St,1341.7093023255813,42.401697,-71.106128,86
Union Square - Brighton Ave at Cambridge St,3814.859574468085,42.353334,-71.137313,470
Union Square - Somerville,1380.2970639032815,42.3796479,-71.09540476,579
Union Square East,869.3107569721116,42.380078,-71.090098,251
University Park,714.0755124056095,42.36264779,-71.10006094,927
University of Massachusetts Boston - Campus Center,1453.96875,42.31218918,-71.03648586,32
Valenti Way at Haverhill St,2541.0808950086057,42.36473899,-71.05934903,1162
Vassal Lane at Tobin/VLUS,1152.2692307692307,42.38536765,-71.13775671,52
Verizon Innovation Hub 10 Ware Street,723.5137362637363,42.37250865,-71.11305356,364
W Broadway at D St,787.3115671641791,42.3391085,-71.0514432,536
W Broadway at Dorchester St,1389.4870466321242,42.33595898,-71.046229,386
Walnut Ave at School St,1446.0363636363636,42.31242399,-71.09616905,55
Warren St at Chelsea St,912.6653005464481,42.371848,-71.060292,732
Wasgott Playground,1251.4444444444443,42.40933007,-71.06381878,18
Washington Sq,1017.6761904761905,42.33985827,-71.13421171,210
Washington St @ New Washington St (Temp Winter Station),1057.688796680498,42.38103731999999,-71.08709779,241
Washington St at Brock St,1509.1549295774648,42.34895285,-71.16031677,71
Washington St at Lenox St,797.4942528735633,42.33509899,-71.07903779,261
Washington St at Melnea Cass Blvd,674.355871886121,42.332817,-71.081198,281
Washington St at Rutland St,734.8706896551724,42.3385146,-71.07404083,1276
Washington St at Talbot Ave,23374.333333333332,42.290333,-71.071806,24
Washington St at Walnut St,2264.0,42.35145812,-71.20764971,3
Washington St at Waltham St,617.0191938579654,42.34157472,-71.0689044,521
Watermark Seaport - Boston Wharf Rd at Seaport Blvd,1406.8473684210526,42.351586,-71.04569256,570
Watertown Sq,2189.5104166666665,42.36526032,-71.18573324,96
Watertown St at Albemarle Rd,3770.75,42.35410408,-71.21382214,4
Watertown Town Hall,1777.5,42.367621,-71.187936,16
Wellington MBTA,1352.351851851852,42.4023682,-71.07573182,54
Wentworth Institute of Technology - Huntington Ave at Vancouver St,1018.3381294964029,42.33758601,-71.09627098,278
West End Park,983.6213991769547,42.36590788,-71.06446668999999,243
Whittier St Health Center,5038.52,42.33286288,-71.09218862,50
Williams St at Washington St,908.53216374269,42.306539,-71.107669,171
Wilson Square,714.974025974026,42.38567579,-71.11412136,308
